OBJECTID,Report_Date,Confirmed_New,Confirmed_Total,Recovered_New,Recovered_Total,Deaths_New,Deaths_Total,Active_Total,Tested,Tested_Total,Positive_Test_Rate
1,3/15/2020 0:00,0,1,0,0,0,0,1,,,
2,3/16/2020 0:00,0,1,0,0,0,0,1,,,
3,3/17/2020 0:00,2,3,0,0,0,0,3,,,
4,3/18/2020 0:00,0,3,0,0,0,0,3,,,
5,3/19/2020 0:00,4,7,0,0,0,0,7,,,
6,3/20/2020 0:00,0,7,0,0,0,0,7,,,
7,3/21/2020 0:00,0,7,0,0,0,0,7,,,
8,3/22/2020 0:00,0,7,0,0,0,0,7,,,
9,3/23/2020 0:00,8,15,0,0,0,0,15,,,
10,3/24/2020 0:00,1,16,0,0,0,0,16,,,
11,3/25/2020 0:00,9,25,0,0,0,0,25,,,
12,3/26/2020 0:00,3,28,1,1,0,0,27,74,,0.040540541
13,3/27/2020 0:00,3,31,0,1,1,1,29,,,
14,3/28/2020 0:00,7,38,0,1,0,1,36,81,,0.086419753
15,3/29/2020 0:00,4,42,0,1,0,1,40,69,,0.057971014
16,3/30/2020 0:00,8,50,0,1,0,1,48,172,,0.046511628
17,3/31/2020 0:00,9,59,0,1,0,1,57,234,,0.038461538
18,4/1/2020 0:00,22,81,2,3,0,1,77,380,,0.057894737
19,4/2/2020 0:00,29,110,1,4,2,3,103,662,,0.043806647
20,4/3/2020 0:00,12,122,0,4,1,4,114,362,,0.033149171
21,4/4/2020 0:00,4,126,0,4,0,4,118,372,,0.010752688
22,4/5/2020 0:00,16,142,0,4,0,4,134,530,,0.030188679
23,4/6/2020 0:00,16,158,0,4,2,6,148,,,
24,4/7/2020 0:00,14,172,3,7,0,6,159,696,,0.020114943
25,4/8/2020 0:00,7,179,2,9,0,6,164,,,
26,4/9/2020 0:00,5,184,3,12,1,7,165,308,,0.016233766
27,4/10/2020 0:00,5,189,10,22,0,7,160,504,,0.009920635
28,4/11/2020 0:00,2,191,2,24,0,7,160,491,,0.00407332
29,4/12/2020 0:00,6,197,1,25,1,8,164,766,,0.007832898
30,4/13/2020 0:00,11,208,15,40,1,9,159,674,,0.016320475
31,4/14/2020 0:00,8,216,1,41,0,9,166,694,,0.011527378
32,4/15/2020 0:00,9,225,12,53,1,10,162,803,,0.01120797
33,4/16/2020 0:00,9,234,0,53,1,11,170,,,
34,4/17/2020 0:00,12,246,0,53,0,11,182,,,
35,4/18/2020 0:00,16,262,7,60,1,12,190,,,
36,4/19/2020 0:00,8,270,7,67,2,14,189,1330,,0.006015038
37,4/20/2020 0:00,11,281,2,69,0,14,198,,,
38,4/21/2020 0:00,15,296,5,74,0,14,208,545,,0.027522936
39,4/22/2020 0:00,7,303,9,83,0,14,206,,,
40,4/23/2020 0:00,17,320,5,88,0,14,218,668,,0.025449102
41,4/24/2020 0:00,16,336,6,94,0,14,228,946,,0.016913319
42,4/25/2020 0:00,7,343,4,98,0,14,231,,,
43,4/26/2020 0:00,12,355,8,106,0,14,235,,,
44,4/27/2020 0:00,8,363,8,114,0,14,235,,,
45,4/28/2020 0:00,11,374,10,124,0,14,236,589,,0.018675722
46,4/29/2020 0:00,10,384,5,129,1,15,240,508,,0.019685039
47,4/30/2020 0:00,12,396,15,144,2,17,235,777,,0.015444015
48,5/1/2020 0:00,15,411,6,150,4,21,240,1434,,0.010460251
49,5/2/2020 0:00,24,435,2,152,1,22,261,1195,,0.020083682
50,5/3/2020 0:00,30,465,15,167,2,24,274,883,,0.033975085
51,5/4/2020 0:00,25,490,6,173,0,24,293,1012,,0.024703557
52,5/5/2020 0:00,45,535,9,182,0,24,329,1077,,0.04178273
53,5/6/2020 0:00,47,582,8,190,2,26,366,,,
54,5/7/2020 0:00,25,607,7,197,3,29,381,1075,28508,0.023255814
55,5/8/2020 0:00,14,621,5,202,0,29,390,922,29430,0.015184382
56,5/9/2020 0:00,28,649,5,207,1,30,412,1611,31041,0.017380509
57,5/10/2020 0:00,23,672,32,239,2,32,401,1056,32097,0.021780303
58,5/11/2020 0:00,28,700,12,251,1,33,416,841,32938,0.033293698
59,5/12/2020 0:00,15,715,8,259,3,36,420,978,33916,0.015337423
60,5/13/2020 0:00,22,737,22,281,4,40,416,1516,35432,0.014511873
61,5/14/2020 0:00,21,758,3,284,2,42,432,1486,36918,0.014131898
62,5/15/2020 0:00,23,781,0,284,3,45,452,2100,39018,0.010952381
63,5/16/2020 0:00,49,830,17,301,5,50,479,2496,41514,0.01963141
64,5/17/2020 0:00,57,887,12,313,0,50,524,2198,43712,0.025932666
65,5/18/2020 0:00,25,912,23,336,0,50,526,1139,44851,0.021949078
66,5/19/2020 0:00,51,963,22,358,0,50,555,1933,46784,0.026383859
67,5/20/2020 0:00,66,1029,8,366,0,50,613,2621,49405,0.025181229
68,5/21/2020 0:00,80,1109,9,375,0,50,684,3102,52507,0.025789813
69,5/22/2020 0:00,52,1161,5,380,0,50,731,2567,55074,0.020257109
70,5/23/2020 0:00,31,1192,0,380,0,50,762,3078,58152,0.010071475
71,5/24/2020 0:00,22,1214,3,383,1,51,780,1108,59260,0.019855596
72,5/25/2020 0:00,72,1286,19,402,1,52,832,2711,61971,0.026558466
73,5/26/2020 0:00,62,1348,3,405,0,52,891,2293,64264,0.027038814
74,5/27/2020 0:00,123,1471,3,408,3,55,1008,3077,67341,0.039974001
75,5/28/2020 0:00,147,1618,13,421,3,58,1139,2831,70172,0.051925115
76,5/29/2020 0:00,127,1745,17,438,4,62,1245,3831,74003,0.033150613
77,5/30/2020 0:00,143,1888,26,464,1,63,1361,2959,76962,0.048327138
78,5/31/2020 0:00,74,1962,14,478,1,64,1420,1574,78536,0.047013977
79,6/1/2020 0:00,59,2021,4,482,5,69,1470,1518,80054,0.03886693
80,6/2/2020 0:00,72,2093,17,499,2,71,1523,2892,82946,0.024896266
81,6/3/2020 0:00,123,2216,54,553,3,74,1589,2112,85058,0.058238636
82,6/4/2020 0:00,124,2340,39,592,4,78,1670,2640,87698,0.046969697
83,6/5/2020 0:00,134,2474,51,643,1,79,1752,3177,90875,0.042178155
84,6/6/2020 0:00,126,2600,63,706,4,83,1811,3632,94507,0.03469163
85,6/7/2020 0:00,167,2767,46,752,1,84,1931,2833,97340,0.058948112
86,6/8/2020 0:00,95,2862,97,849,1,85,1928,1096,98436,0.086678832
87,6/9/2020 0:00,127,2989,24,873,3,88,2028,2247,100683,0.056519804
88,6/10/2020 0:00,105,3094,175,1048,1,89,1957,2372,103055,0.044266442
89,6/11/2020 0:00,121,3215,44,1092,3,92,2031,3192,106247,0.037907268
90,6/12/2020 0:00,90,3305,72,1164,4,96,2045,2419,108666,0.037205457
91,6/13/2020 0:00,152,3457,57,1221,4,100,2136,3503,112169,0.043391379
92,6/14/2020 0:00,137,3594,32,1253,3,103,2238,3167,115336,0.043258604
93,6/15/2020 0:00,133,3727,33,1286,1,104,2337,3365,118701,0.039524517
94,6/16/2020 0:00,133,3860,40,1326,1,105,2429,3255,121956,0.040860215
95,6/17/2020 0:00,184,4044,27,1353,2,107,2584,2518,124474,0.073073868
96,6/18/2020 0:00,213,4257,106,1459,10,117,2681,6024,130498,0.035358566
97,6/19/2020 0:00,117,4374,91,1550,2,119,2705,3043,133541,0.038448899
98,6/20/2020 0:00,104,4478,36,1586,2,121,2771,2820,136361,0.036879433
99,6/21/2020 0:00,260,4738,21,1607,2,123,3008,3651,140012,0.071213366
100,6/22/2020 0:00,59,4797,73,1680,2,125,2992,2354,142366,0.025063721
101,6/23/2020 0:00,155,4952,102,1782,3,128,3042,4171,146537,0.037161352
102,6/24/2020 0:00,254,5206,41,1823,2,130,3253,4859,151396,0.05227413
103,6/25/2020 0:00,178,5384,34,1857,2,132,3395,3918,155314,0.045431343
104,6/26/2020 0:00,149,5533,48,1905,5,137,3491,3090,158404,0.048220065
105,6/27/2020 0:00,278,5811,31,1936,4,141,3734,4074,162478,0.068237604
106,6/28/2020 0:00,259,6070,35,1971,2,143,3956,2718,165196,0.095290655
107,6/29/2020 0:00,120,6190,42,2013,1,144,4033,2221,167417,0.054029716
108,6/30/2020 0:00,176,6366,26,2039,4,148,4179,2419,169836,0.072757338
109,7/1/2020 0:00,307,6673,50,2089,1,149,4435,3519,173355,0.087240693
110,7/2/2020 0:00,268,6941,20,2109,3,152,4680,2704,176059,0.099112426
111,7/3/2020 0:00,247,7188,39,2148,2,154,4886,4147,180206,0.059561129
112,7/4/2020 0:00,389,7577,88,2236,5,159,5182,4829,185035,0.08055498
113,7/5/2020 0:00,309,7886,51,2287,1,160,5439,4228,189263,0.073084201
114,7/6/2020 0:00,181,8067,127,2414,4,164,5489,2131,191394,0.084936649
115,7/7/2020 0:00,183,8250,90,2504,3,167,5579,2061,193455,0.088791849
116,7/8/2020 0:00,278,8528,89,2593,2,169,5766,3053,196508,0.091057976
117,7/9/2020 0:00,447,8975,64,2657,4,173,6145,3803,200311,0.117538785
118,7/10/2020 0:00,473,9448,76,2733,8,181,6534,6273,206584,0.075402519
119,7/11/2020 0:00,278,9726,99,2832,3,184,6710,1403,207987,0.198146828
120,7/12/2020 0:00,379,10105,49,2881,1,185,7039,7050,215037,0.053758865
121,7/13/2020 0:00,189,10294,65,2946,12,197,7151,1205,216242,0.156846473
122,7/14/2020 0:00,497,10791,71,3017,5,202,7572,4992,221234,0.099559295
123,7/15/2020 0:00,461,11252,51,3068,7,209,7975,4261,225495,0.108190566
124,7/16/2020 0:00,421,11673,570,3638,8,217,7818,3895,229390,0.108087291
125,7/17/2020 0:00,389,12062,345,3983,5,222,7857,3545,232935,0.109732017
126,7/18/2020 0:00,688,12750,457,4440,3,225,8085,4522,237457,0.152145069
127,7/19/2020 0:00,603,13353,682,5122,9,234,7997,6430,243887,0.09377916
128,7/20/2020 0:00,418,13771,494,5616,4,238,7917,2474,246361,0.168957154
129,7/21/2020 0:00,397,14168,642,6258,12,250,7660,3637,249998,0.109155898
130,7/22/2020 0:00,637,14805,499,6757,10,260,7788,4275,254273,0.149005848
131,7/23/2020 0:00,796,15601,378,7135,3,263,8203,6754,261027,0.117856085
132,7/24/2020 0:00,667,16268,311,7446,11,274,8548,5075,266102,0.131428571
133,7/25/2020 0:00,375,16643,128,7574,4,278,8791,2052,268154,0.182748538
134,7/26/2020 0:00,960,17603,169,7743,2,280,9580,8261,276415,0.116208691
135,7/27/2020 0:00,440,18043,90,7833,5,285,9925,3197,279612,0.137629027
136,7/28/2020 0:00,606,18649,75,7908,14,299,10442,4888,284500,0.123977087
137,7/29/2020 0:00,544,19193,113,8021,12,311,10861,5259,289759,0.103441719
138,7/30/2020 0:00,720,19913,100,8121,14,325,11467,5521,295280,0.130411157
139,7/31/2020 0:00,723,20636,44,8165,16,341,12130,8679,303959,0.083304528
140,8/1/2020 0:00,727,21363,254,8419,23,364,12580,6371,310330,0.114110815
141,8/2/2020 0:00,690,22053,58,8477,5,369,13207,5393,315723,0.127943631
142,8/3/2020 0:00,544,22597,263,8740,13,382,13475,2653,318376,0.205050886
143,8/4/2020 0:00,605,23202,587,9327,6,388,13487,4547,322923,0.133054761
144,8/5/2020 0:00,671,23873,603,9930,3,391,13552,6200,329123,0.108225806
145,8/6/2020 0:00,538,24411,514,10444,8,399,13568,6195,335318,0.086844229
146,8/7/2020 0:00,727,25138,674,11118,14,413,13607,6814,342132,0.106692104
147,8/8/2020 0:00,699,25837,781,11899,5,418,13520,7175,349307,0.097421603
148,8/9/2020 0:00,599,26436,1062,12961,2,420,13055,4420,353727,0.135520362
149,8/10/2020 0:00,492,26928,534,13495,3,423,13010,4603,358330,0.106886813
150,8/11/2020 0:00,497,27425,372,13867,15,438,13120,4171,362501,0.119156078
151,8/12/2020 0:00,679,28104,743,14610,18,456,13038,6590,369091,0.103034901
152,8/13/2020 0:00,650,28754,490,15100,4,460,13194,6768,375859,0.096040189
153,8/14/2020 0:00,580,29334,198,15298,5,465,13571,5458,381317,0.106266032
154,8/15/2020 0:00,515,29849,672,15970,7,472,13407,6353,387670,0.081064064
155,8/16/2020 0:00,271,30120,686,16656,2,474,12990,3746,391416,0.072343833
156,8/17/2020 0:00,245,30365,504,17160,8,482,12723,3150,394566,0.077777778
157,8/18/2020 0:00,271,30636,208,17368,5,487,12781,4019,398585,0.067429709
158,8/19/2020 0:00,379,31015,244,17612,19,506,12897,3867,402452,0.098008792
159,8/20/2020 0:00,426,31441,256,17868,10,516,13057,5158,407610,0.082590151
160,8/21/2020 0:00,322,31763,288,18156,16,532,13075,4470,412080,0.072035794
161,8/22/2020 0:00,355,32118,296,18452,10,542,13124,5724,417804,0.062019567
162,8/23/2020 0:00,246,32364,217,18669,6,548,13147,4179,421983,0.058865757
163,8/24/2020 0:00,193,32557,225,18894,6,554,13109,3381,425364,0.057083703
164,8/25/2020 0:00,246,32803,160,19054,5,559,13190,4149,429513,0.059291396
165,8/26/2020 0:00,213,33016,241,19295,5,564,13157,4017,433530,0.053024645
166,8/27/2020 0:00,373,33389,72,19367,3,567,13455,4663,438193,0.079991422
167,8/28/2020 0:00,241,33630,66,19433,0,567,13630,4520,442713,0.053318584
168,8/29/2020 0:00,164,33794,156,19589,5,572,13633,3009,445722,0.054503157
169,8/30/2020 0:00,263,34057,98,19687,2,574,13796,4424,450146,0.059448463
170,8/31/2020 0:00,144,34201,205,19892,3,577,13732,4260,454406,0.033802817
171,9/1/2020 0:00,114,34315,318,20210,0,577,13528,1682,456088,0.067776457
172,9/2/2020 0:00,178,34493,238,20448,4,581,13464,3474,459562,0.051237766
173,9/3/2020 0:00,212,34705,195,20643,4,585,13477,3937,463499,0.053848108
174,9/4/2020 0:00,179,34884,415,21058,4,589,13237,4178,467677,0.042843466
175,9/5/2020 0:00,136,35020,99,21157,5,594,13269,3707,471384,0.036687348
176,9/6/2020 0:00,83,35103,72,21229,3,597,13277,3093,474477,0.026834788
177,9/7/2020 0:00,102,35205,80,21309,2,599,13297,2668,477145,0.038230885
178,9/8/2020 0:00,151,35356,173,21482,0,599,13275,2552,479697,0.059169279
179,9/9/2020 0:00,104,35460,74,21556,8,607,13297,2285,481982,0.045514223
180,9/10/2020 0:00,143,35603,490,22046,5,612,12945,3854,485836,0.037104307
181,9/11/2020 0:00,190,35793,395,22441,4,616,12736,4609,490445,0.041223693
182,9/12/2020 0:00,176,35969,329,22770,3,619,12580,4115,494560,0.042770352
183,9/13/2020 0:00,188,36157,296,23066,3,622,12469,3092,497652,0.06080207
184,9/14/2020 0:00,48,36205,176,23242,2,624,12339,1081,498733,0.04440333
185,9/15/2020 0:00,96,36301,121,23363,10,634,12304,3270,502003,0.029357798
186,9/16/2020 0:00,92,36393,165,23528,3,637,12228,2985,504988,0.030820771
187,9/17/2020 0:00,183,36576,82,23610,5,642,12324,4188,509176,0.043696275
188,9/18/2020 0:00,148,36724,98,23708,4,646,12370,2438,511614,0.060705496
189,9/19/2020 0:00,105,36829,68,23776,0,646,12407,2868,514482,0.036610879
190,9/20/2020 0:00,152,36981,110,23886,2,648,12447,2224,516706,0.068345324
191,9/21/2020 0:00,98,37079,62,23948,2,650,12481,1644,518350,0.059610706
192,9/22/2020 0:00,139,37218,198,24146,9,659,12413,1774,520124,0.078354002
193,9/23/2020 0:00,130,37348,106,24252,5,664,12432,3874,523998,0.033557047
194,9/24/2020 0:00,141,37489,81,24333,5,669,12487,3307,527305,0.042636831
195,9/25/2020 0:00,218,37707,170,24503,13,682,12522,5424,532729,0.04019174
196,9/26/2020 0:00,164,37871,77,24580,7,689,12602,2872,535601,0.057103064
197,9/27/2020 0:00,244,38115,40,24620,2,691,12804,3707,539308,0.065821419
198,9/28/2020 0:00,53,38168,60,24680,9,700,12788,2107,541415,0.025154248
199,9/29/2020 0:00,210,38378,59,24739,7,707,12932,3604,545019,0.05826859
200,9/30/2020 0:00,151,38529,168,24907,4,711,12911,2927,547946,0.051588657
201,10/1/2020 0:00,184,38713,115,25022,7,718,12973,4700,552646,0.039148936
202,10/2/2020 0:00,210,38923,91,25113,7,725,13085,3065,555711,0.068515498
203,10/3/2020 0:00,261,39184,312,25425,3,728,13031,3387,559098,0.077059345
204,10/4/2020 0:00,243,39427,233,25658,3,731,13038,4385,563483,0.055416192
205,10/5/2020 0:00,22,39449,376,26034,4,735,12680,595,564078,0.03697479
206,10/6/2020 0:00,137,39586,296,26330,8,743,12513,1258,565336,0.108903021
207,10/7/2020 0:00,321,39907,4328,30658,5,748,8501,4342,569678,0.073929065
208,10/8/2020 0:00,271,40178,51,30709,3,751,8718,5034,574712,0.053833929
209,10/9/2020 0:00,442,40620,166,30875,4,755,8990,5327,580039,0.082973531
210,10/10/2020 0:00,538,41158,61,30936,5,760,9462,6872,586911,0.078288708
211,10/11/2020 0:00,388,41546,63,30999,6,766,9781,4287,591198,0.090506181
212,10/12/2020 0:00,73,41619,97,31096,11,777,9746,2001,593199,0.036481759
213,10/13/2020 0:00,318,41937,243,31339,10,787,9811,2592,595791,0.122685185
214,10/14/2020 0:00,604,42541,88,31427,10,797,10317,5832,601623,0.103566529
215,10/15/2020 0:00,602,43143,80,31507,8,805,10831,5618,607241,0.107155571
216,10/16/2020 0:00,437,43580,140,31647,8,813,11120,4311,611552,0.101368592
217,10/17/2020 0:00,616,44196,104,31751,12,825,11620,5512,617064,0.111756168
218,10/18/2020 0:00,685,44881,105,31856,7,832,12193,4912,621976,0.139454397
219,10/19/2020 0:00,195,45076,227,32083,7,839,12154,1852,623828,0.105291577
220,10/20/2020 0:00,571,45647,438,32521,3,842,12284,3963,627791,0.144082766
221,10/21/2020 0:00,497,46144,238,32759,16,858,12527,4878,632669,0.101886019
222,10/22/2020 0:00,1068,47212,290,33049,12,870,13293,7556,640225,0.141344627
223,10/23/2020 0:00,631,47843,371,33420,14,884,13539,6142,646367,0.102735265
224,10/24/2020 0:00,947,48790,455,33875,12,896,14019,6862,653229,0.138006412
225,10/25/2020 0:00,931,49721,333,34208,6,902,14611,6691,659920,0.139142131
226,10/26/2020 0:00,276,49997,220,34428,18,920,14649,2126,662046,0.129821261
227,10/27/2020 0:00,836,50833,403,34831,14,934,15068,4076,666122,0.205103042
228,10/28/2020 0:00,1018,51851,426,35257,16,950,15644,6649,672771,0.15310573
229,10/29/2020 0:00,761,52612,346,35603,14,964,16045,4830,677601,0.157556936
230,10/30/2020 0:00,1185,53797,272,35875,17,981,16941,9851,687452,0.120292356
231,10/31/2020 0:00,1395,55192,1087,36962,15,996,17234,7635,695087,0.182711198
232,11/1/2020 0:00,685,55877,231,37193,17,1013,17671,4433,699520,0.154522896
233,11/2/2020 0:00,724,56601,248,37441,14,1027,18133,5085,704605,0.142379548
234,11/3/2020 0:00,492,57093,404,37845,12,1039,18209,3728,708333,0.131974249
235,11/4/2020 0:00,1494,58587,586,38431,12,1051,19105,8839,717172,0.169023645
236,11/5/2020 0:00,1008,59595,802,39233,21,1072,19290,6038,723210,0.166942696
237,11/6/2020 0:00,1109,60704,897,40130,21,1093,19481,7153,730363,0.155039843
238,11/7/2020 0:00,1065,61769,888,41018,10,1103,19648,7386,737749,0.144191714
239,11/8/2020 0:00,719,62488,912,41930,8,1111,19447,4732,742481,0.15194421
240,11/9/2020 0:00,756,63244,728,42658,19,1130,19456,4316,746797,0.175162187
241,11/10/2020 0:00,1344,64588,436,43094,24,1154,20340,7162,753959,0.187657079
242,11/11/2020 0:00,1216,65804,531,43625,26,1180,20999,6816,760775,0.178403756
243,11/12/2020 0:00,919,66723,414,44039,23,1203,21481,6135,766910,0.149796251
244,11/13/2020 0:00,1470,68193,791,44830,25,1228,22135,8072,774982,0.182111001
245,11/14/2020 0:00,1080,69273,542,45372,21,1249,22652,8322,783304,0.129776496
246,11/15/2020 0:00,972,70245,352,45724,20,1269,23252,6648,789952,0.146209386
247,11/16/2020 0:00,559,70804,478,46202,18,1287,23315,3074,793026,0.181847755
248,11/17/2020 0:00,925,71729,1018,47220,15,1302,23207,5559,798585,0.166396834
249,11/18/2020 0:00,957,72686,2616,49836,11,1313,21537,6309,804894,0.151688065
250,11/19/2020 0:00,1459,74145,780,50616,17,1330,22199,10146,815040,0.143800513
251,11/20/2020 0:00,1048,75193,326,50942,19,1349,22902,8660,823700,0.121016166
252,11/21/2020 0:00,1211,76404,368,51310,17,1366,23728,9304,833004,0.130159071
253,11/22/2020 0:00,968,77372,155,51465,14,1380,24527,6610,839614,0.146444781
254,11/23/2020 0:00,413,77785,396,51861,12,1392,24532,3489,843103,0.118372026
255,11/24/2020 0:00,727,78512,806,52667,17,1409,24436,4913,848016,0.147974761
256,11/25/2020 0:00,810,79322,265,52932,8,1417,24973,7387,855403,0.109652092
257,11/26/2020 0:00,780,80102,552,53484,10,1427,25191,6158,861561,0.126664501
258,11/27/2020 0:00,1554,81656,599,54083,14,1441,26132,9389,870950,0.165512834
259,11/28/2020 0:00,949,82605,274,54357,4,1445,26803,8311,879261,0.114186019
260,11/29/2020 0:00,711,83316,576,54933,7,1452,26931,6672,885933,0.106564748
261,11/30/2020 0:00,302,83618,369,55302,17,1469,26847,3038,888971,0.099407505
262,12/1/2020 0:00,551,84169,266,55568,5,1474,27127,4675,893646,0.117860963
263,12/2/2020 0:00,961,85130,854,56422,10,1484,27224,7780,901426,0.123521851
264,12/3/2020 0:00,1253,86383,11324,67746,16,1500,17137,10170,911596,0.123205506
265,12/4/2020 0:00,866,87249,322,68068,6,1506,17675,7815,919411,0.11081254
266,12/5/2020 0:00,735,87984,422,68490,12,1518,17976,7671,927082,0.095815409
267,12/6/2020 0:00,396,88380,397,68887,8,1526,17967,4717,931799,0.083951664
268,12/7/2020 0:00,199,88579,485,69372,5,1531,17676,2416,934215,0.08236755
269,12/8/2020 0:00,521,89100,425,69797,14,1545,17758,4721,938936,0.110357975
270,12/9/2020 0:00,561,89661,355,70152,7,1552,17957,6387,945323,0.087834664
271,12/10/2020 0:00,644,90305,1060,71212,16,1568,17525,6811,952134,0.094552929
272,12/11/2020 0:00,673,90978,325,71537,14,1582,17859,8230,960364,0.081773998
273,12/12/2020 0:00,548,91526,1017,72554,4,1586,17386,6953,967317,0.0788149
274,12/13/2020 0:00,366,91892,432,72986,1,1587,17319,4205,971522,0.087039239
275,12/14/2020 0:00,163,92055,424,73410,6,1593,17052,2283,973805,0.071397284
276,12/15/2020 0:00,404,92459,527,73937,11,1604,16918,4878,978683,0.082820828
277,12/16/2020 0:00,394,92853,424,74361,10,1614,16878,5752,984435,0.068497914
278,12/17/2020 0:00,552,93405,596,74957,4,1618,16830,7013,991448,0.078710965
279,12/18/2020 0:00,356,93761,275,75232,11,1629,16900,5768,997216,0.061719834
280,12/19/2020 0:00,390,94151,285,75517,4,1633,17001,6277,1003493,0.062131592
281,12/20/2020 0:00,349,94500,176,75693,6,1639,17168,5025,1008518,0.069452736
282,12/21/2020 0:00,114,94614,325,76018,5,1644,16952,2507,1011025,0.045472677
283,12/22/2020 0:00,154,94768,162,76180,3,1647,16941,3262,1014287,0.0472103
284,12/23/2020 0:00,427,95195,286,76466,1,1648,17081,7593,1021880,0.056236007
285,12/24/2020 0:00,236,95431,212,76678,4,1652,17101,3773,1025653,0.062549695
286,12/25/2020 0:00,282,95713,91,76769,1,1653,17291,4095,1029748,0.068864469
287,12/26/2020 0:00,130,95843,187,76956,2,1655,17232,1973,1031721,0.065889508
288,12/27/2020 0:00,80,95923,425,77381,3,1658,16884,1601,1033322,0.04996877
289,12/28/2020 0:00,69,95992,98,77479,6,1664,16849,1987,1035309,0.034725717
290,12/29/2020 0:00,147,96139,138,77617,1,1665,16857,3043,1038352,0.048307591
291,12/30/2020 0:00,112,96251,816,78433,2,1667,16151,3327,1041679,0.033663962
292,12/31/2020 0:00,207,96458,262,78695,3,1670,16093,4988,1046667,0.041499599
293,1/1/2021 0:00,156,96614,107,78802,11,1681,16131,4317,1050984,0.036136206
294,1/2/2021 0:00,64,96678,55,78857,4,1685,16136,1852,1052836,0.034557235
295,1/3/2021 0:00,124,96802,216,79073,0,1685,16044,2855,1055691,0.043432574
296,1/4/2021 0:00,106,96908,184,79257,1,1686,15965,3315,1059006,0.031975867
297,1/5/2021 0:00,219,97127,100,79357,4,1690,16080,5413,1064419,0.040458156
298,1/6/2021 0:00,271,97398,609,79966,4,1694,15738,5830,1070249,0.046483705
299,1/7/2021 0:00,335,97733,340,80306,8,1702,15725,5424,1075673,0.061762537
300,1/8/2021 0:00,221,97954,365,80671,1,1703,15580,6190,1081863,0.035702746
301,1/9/2021 0:00,230,98184,137,80808,1,1704,15672,6515,1088378,0.035303147
302,1/10/2021 0:00,87,98271,67,80875,6,1710,15686,3766,1092144,0.023101434
303,1/11/2021 0:00,63,98334,226,81101,3,1713,15520,2134,1094278,0.029522024
304,1/12/2021 0:00,98,98432,154,81255,3,1716,15461,3369,1097647,0.02908875
305,1/13/2021 0:00,123,98555,412,81667,4,1720,15168,4948,1102595,0.024858529
306,1/14/2021 0:00,138,98693,266,81933,3,1723,15037,4526,1107121,0.030490499
307,1/15/2021 0:00,166,98859,262,82195,3,1726,14938,7077,1114198,0.023456267
308,1/16/2021 0:00,223,99082,129,82324,2,1728,15030,7748,1121946,0.028781621
309,1/17/2021 0:00,80,99162,26,82350,3,1731,15081,3733,1125679,0.021430485
310,1/18/2021 0:00,65,99227,77,82427,3,1734,15066,2681,1128360,0.024244685
311,1/19/2021 0:00,81,99308,51,82478,0,1734,15096,2347,1130707,0.034512143
312,1/20/2021 0:00,136,99444,176,82654,2,1736,15054,3787,1134494,0.035912332
313,1/21/2021 0:00,186,99630,75,82729,3,1739,15162,8049,1142543,0.023108461
314,1/22/2021 0:00,139,99769,137,82866,1,1740,15163,5487,1148030,0.025332604
315,1/23/2021 0:00,129,99898,70,82936,0,1740,15222,5091,1153121,0.025338833
316,1/24/2021 0:00,85,99983,33,82969,4,1744,15270,2985,1156106,0.028475712
317,1/25/2021 0:00,69,100052,449,83418,0,1744,14890,2814,1158920,0.024520256
318,1/26/2021 0:00,141,100193,207,83625,6,1750,14818,3571,1162491,0.039484738
319,1/27/2021 0:00,130,100323,66,83691,1,1751,14881,4918,1167409,0.02643351
320,1/28/2021 0:00,99,100422,66,83757,2,1753,14912,4758,1172167,0.020807062
321,1/29/2021 0:00,141,100563,64,83821,0,1753,14989,5644,1177811,0.024982282
322,1/30/2021 0:00,112,100675,34,83855,2,1755,15065,5401,1183212,0.020736901
323,1/31/2021 0:00,98,100773,52,83907,8,1763,15103,3739,1186951,0.026210217
324,2/1/2021 0:00,83,100856,29,83936,3,1766,15154,1732,1188683,0.047921478
325,2/2/2021 0:00,153,101009,54,83990,0,1766,15253,3922,1192605,0.039010709
326,2/3/2021 0:00,150,101159,70,84060,3,1769,15330,3117,1195722,0.048123195
327,2/4/2021 0:00,180,101339,83,84143,4,1773,15423,4580,1200302,0.03930131
328,2/5/2021 0:00,195,101534,125,84268,3,1776,15490,5859,1206161,0.03328213
329,2/6/2021 0:00,156,101690,34,84302,0,1776,15612,3784,1209945,0.041226216
330,2/7/2021 0:00,129,101819,59,84361,3,1779,15679,4797,1214742,0.026891807
331,2/8/2021 0:00,125,101944,112,84473,7,1786,15685,1953,1216695,0.064004096
332,2/9/2021 0:00,104,102048,69,84542,3,1789,15717,3348,1220043,0.031063321
333,2/10/2021 0:00,173,102221,186,84728,2,1791,15702,3784,1223827,0.045718816
334,2/11/2021 0:00,132,102353,62,84790,3,1794,15769,4220,1228047,0.031279621
335,2/12/2021 0:00,260,102613,83,84873,0,1794,15946,5873,1233920,0.04427039
336,2/13/2021 0:00,179,102792,79,84952,1,1795,16045,4423,1238343,0.040470269
337,2/14/2021 0:00,75,102867,56,85008,0,1795,16064,3025,1241368,0.024793388
338,2/15/2021 0:00,147,103014,242,85250,0,1795,15969,2063,1243431,0.071255453
339,2/16/2021 0:00,174,103188,86,85336,2,1797,16055,2848,1246279,0.061095506
340,2/17/2021 0:00,144,103332,55,85391,4,1801,16140,2917,1249196,0.049365787
341,2/18/2021 0:00,283,103615,66,85457,6,1807,16351,4822,1254018,0.058689341
342,2/19/2021 0:00,226,103841,75,85532,6,1813,16496,4606,1258624,0.049066435
343,2/20/2021 0:00,152,103993,8,85540,4,1817,16636,3734,1262358,0.040707017
344,2/21/2021 0:00,208,104201,37,85577,6,1823,16801,3415,1265773,0.06090776
345,2/22/2021 0:00,105,104306,49,85626,4,1827,16853,3573,1269346,0.02938707
346,2/23/2021 0:00,194,104500,39,85665,10,1837,16998,3935,1273281,0.049301144
347,2/24/2021 0:00,280,104780,713,86378,2,1839,16563,4919,1278200,0.056922139
348,2/25/2021 0:00,277,105057,119,86497,8,1847,16713,4599,1282799,0.060230485
349,2/26/2021 0:00,410,105467,24,86521,6,1853,17093,7180,1289979,0.057103064
350,2/27/2021 0:00,181,105648,88,86609,1,1854,17185,5577,1295556,0.032454725
351,2/28/2021 0:00,325,105973,69,86678,2,1856,17439,3282,1298838,0.099024985
352,3/1/2021 0:00,152,106125,39,86717,3,1859,17549,2213,1301051,0.068685043
353,3/2/2021 0:00,345,106470,143,86860,4,1863,17747,5550,1306601,0.062162162
354,3/3/2021 0:00,331,106801,54,86914,3,1866,18021,4725,1311326,0.07005291
355,3/4/2021 0:00,528,107329,185,87099,4,1870,18360,6291,1317617,0.083929423
356,3/5/2021 0:00,400,107729,77,87176,3,1873,18680,5189,1322806,0.077086144
357,3/6/2021 0:00,633,108362,374,87550,1,1874,18938,5193,1327999,0.121894858
358,3/7/2021 0:00,465,108827,20,87570,2,1876,19381,5691,1333690,0.08170796
359,3/8/2021 0:00,337,109164,53,87623,3,1879,19662,2924,1336614,0.115253078
360,3/9/2021 0:00,479,109643,113,87736,7,1886,20021,4043,1340657,0.118476379
361,3/10/2021 0:00,713,110356,167,87903,12,1898,20555,5230,1345887,0.136328872
362,3/11/2021 0:00,829,111185,91,87994,1,1899,21292,6239,1352126,0.132873858
363,3/12/2021 0:00,750,111935,215,88209,2,1901,21825,6264,1358390,0.119731801
364,3/13/2021 0:00,870,112805,117,88326,7,1908,22571,6309,1364699,0.137898241
365,3/14/2021 0:00,431,113236,79,88405,5,1913,22918,4627,1369326,0.093148909
366,3/15/2021 0:00,731,113967,191,88596,5,1918,23453,4513,1373839,0.161976512
367,3/16/2021 0:00,1064,115031,185,88781,7,1925,24325,6151,1379990,0.172980003
368,3/17/2021 0:00,1279,116310,280,89061,12,1937,25312,7450,1387440,0.171677852
369,3/18/2021 0:00,1225,117535,142,89203,17,1954,26378,7308,1394748,0.167624521
370,3/19/2021 0:00,1354,118889,185,89388,28,1982,27519,7732,1402480,0.175116399
371,3/20/2021 0:00,1274,120163,120,89508,12,1994,28661,7240,1409720,0.175966851
372,3/21/2021 0:00,747,120910,114,89622,17,2011,29277,5145,1414865,0.145189504
373,3/22/2021 0:00,1130,122040,754,90376,12,2023,29641,5119,1419984,0.220746239
374,3/23/2021 0:00,1127,123167,210,90586,25,2048,30533,5393,1425377,0.208974597
375,3/24/2021 0:00,1540,124707,184,90770,18,2066,31871,9348,1434725,0.164741121
376,3/25/2021 0:00,1463,126170,498,91268,26,2092,32810,8976,1443701,0.162990196
377,3/26/2021 0:00,2008,128178,245,91513,6,2098,34567,11360,1455061,0.176760563
378,3/27/2021 0:00,1152,129330,152,91665,6,2104,35561,8397,1463458,0.137191854
379,3/28/2021 0:00,884,130214,89,91754,13,2117,36343,5377,1468835,0.164403943
380,3/29/2021 0:00,902,131116,407,92161,18,2135,36820,3395,1472230,0.265684831
381,3/30/2021 0:00,1530,132646,129,92290,12,2147,38209,8010,1480240,0.191011236
382,3/31/2021 0:00,1412,134058,389,92679,6,2153,39226,9219,1489459,0.153161948
383,4/1/2021 0:00,984,135042,388,93067,14,2167,39808,5318,1494777,0.185031967
384,4/2/2021 0:00,1851,136893,363,93430,19,2186,41277,9676,1504453,0.191298057
385,4/3/2021 0:00,1184,138077,220,93650,20,2206,42221,7139,1511592,0.165849559
386,4/4/2021 0:00,911,138988,533,94183,18,2224,42581,6045,1517637,0.15070306
387,4/5/2021 0:00,460,139448,178,94361,20,2244,42843,2753,1520390,0.167090447
388,4/6/2021 0:00,394,139842,2217,96578,14,2258,41006,2923,1523313,0.134793021
389,4/7/2021 0:00,1523,141365,616,97194,18,2276,41895,7423,1530736,0.205173111
390,4/8/2021 0:00,1698,143063,456,97650,16,2292,43121,11352,1542088,0.149577167
391,4/9/2021 0:00,1091,144154,533,98183,17,2309,43662,7300,1549388,0.149452055
392,4/10/2021 0:00,1030,145184,422,98605,21,2330,44249,8316,1557704,0.123857624
393,4/11/2021 0:00,486,145670,490,99095,18,2348,44227,4134,1561838,0.117561684
394,4/12/2021 0:00,486,146156,115,99210,20,2368,44578,2989,1564827,0.162596186
395,4/13/2021 0:00,991,147147,370,99580,26,2394,45173,6417,1571244,0.154433536
396,4/14/2021 0:00,981,148128,665,100245,26,2420,45463,7529,1578773,0.130296188
397,4/15/2021 0:00,1091,149219,392,100637,4,2424,46158,5958,1584731,0.183115139
398,4/16/2021 0:00,1041,150260,343,100980,19,2443,46837,7753,1592484,0.134270605
399,4/17/2021 0:00,1027,151287,382,101362,20,2463,47462,7184,1599668,0.14295657
400,4/18/2021 0:00,366,151653,280,101642,18,2481,47530,3664,1603332,0.09989083
401,4/19/2021 0:00,241,151894,636,102278,20,2501,47115,2515,1605847,0.09582505
402,4/20/2021 0:00,629,152523,1560,103838,18,2519,46166,5832,1611679,0.107853224
403,4/21/2021 0:00,965,153488,1441,105279,21,2540,45669,7311,1618990,0.131992887
404,4/22/2021 0:00,904,154392,88,105367,20,2560,46465,5673,1624663,0.159351313
405,4/23/2021 0:00,773,155165,726,106093,23,2583,46489,7036,1631699,0.109863559
406,4/24/2021 0:00,1153,156318,191,106284,20,2603,47431,9316,1641015,0.123765565
407,4/25/2021 0:00,469,156787,304,106588,19,2622,47577,4194,1645209,0.111826419
408,4/26/2021 0:00,194,156981,248,106836,21,2643,47502,1779,1646988,0.109050028
409,4/27/2021 0:00,511,157492,467,107303,22,2665,47524,4020,1651008,0.127114428
410,4/28/2021 0:00,834,158326,579,107882,23,2688,47756,8498,1659506,0.098140739
411,4/29/2021 0:00,495,158821,242,108124,19,2707,47990,4929,1664435,0.10042605
412,4/30/2021 0:00,497,159318,441,108565,17,2724,48029,5117,1669552,0.097127223
413,5/1/2021 0:00,735,160053,224,108789,20,2744,48520,5758,1675310,0.127648489
414,5/2/2021 0:00,369,160422,72,108861,19,2763,48798,4469,1679779,0.082568807
415,5/3/2021 0:00,137,160559,216,109077,18,2781,48701,1641,1681420,0.083485679
416,5/4/2021 0:00,345,160904,140,109217,24,2805,48882,6686,1688106,0.051600359
417,5/5/2021 0:00,489,161393,552,109769,20,2825,48799,4426,1692532,0.110483507
418,5/6/2021 0:00,705,162098,711,110480,25,2850,48768,8853,1701385,0.079634022
419,5/7/2021 0:00,568,162666,173,110653,15,2865,49148,9029,1710414,0.062908406
420,5/8/2021 0:00,572,163238,476,111129,18,2883,49226,4624,1715038,0.123702422
421,5/9/2021 0:00,316,163554,62,111191,12,2895,49468,4251,1719289,0.07433545
422,5/10/2021 0:00,66,163620,1737,112928,12,2907,47785,1833,1721122,0.036006547
423,5/11/2021 0:00,356,163976,129,113057,21,2928,47991,4424,1725546,0.080470163
424,5/12/2021 0:00,410,164386,67,113124,22,2950,48312,3799,1729345,0.107923138
425,5/13/2021 0:00,334,164720,124,113248,18,2968,48504,4155,1733500,0.080385078
426,5/14/2021 0:00,392,165112,184,113432,8,2976,48704,3668,1737168,0.106870229
427,5/15/2021 0:00,267,165379,57,113489,25,3001,48889,4436,1741604,0.06018936
428,5/16/2021 0:00,86,165465,123,113612,2,3003,48850,2789,1744393,0.030835425
429,5/17/2021 0:00,72,165537,262,113874,10,3013,48650,2056,1746449,0.035019455
430,5/18/2021 0:00,469,166006,43,113917,8,3021,49068,6244,1752693,0.075112108
431,5/19/2021 0:00,376,166382,318,114235,14,3035,49112,4153,1756846,0.090536961
432,5/20/2021 0:00,494,166876,50,114285,5,3040,49551,6428,1763274,0.076851276
433,5/21/2021 0:00,659,167535,109,114394,3,3043,50098,7962,1771236,0.082768149
434,5/22/2021 0:00,573,168108,58,114452,6,3049,50607,5798,1777034,0.098827182
435,5/23/2021 0:00,324,168432,85,114537,10,3059,50836,4392,1781426,0.073770492
436,5/24/2021 0:00,111,168543,142,114679,14,3073,50791,1948,1783374,0.05698152
437,5/25/2021 0:00,382,168925,1134,115813,14,3087,50025,3719,1787093,0.102715784
438,5/26/2021 0:00,431,169356,31,115844,10,3097,50415,5846,1792939,0.073725624
439,5/27/2021 0:00,341,169697,144,115988,11,3108,50601,3646,1796585,0.093527153
440,5/28/2021 0:00,344,170041,30,116018,16,3124,50899,4864,1801449,0.070723684
441,5/29/2021 0:00,444,170485,115,116133,17,3141,51211,4989,1806438,0.088995791
442,5/30/2021 0:00,162,170647,643,116776,16,3157,50714,3452,1809890,0.046929316
443,5/31/2021 0:00,88,170735,71,116847,15,3172,50716,1668,1811558,0.052757794
444,6/1/2021 0:00,349,171084,176,117023,16,3188,50873,4208,1815766,0.082937262
445,6/2/2021 0:00,142,171226,16,117039,18,3206,50981,2650,1818416,0.053584906
446,6/3/2021 0:00,432,171658,306,117345,17,3223,51090,3800,1822216,0.113684211
447,6/4/2021 0:00,284,171942,124,117469,17,3240,51233,4540,1826756,0.062555066
448,6/5/2021 0:00,383,172325,33,117502,24,3264,51559,3930,1830686,0.097455471
449,6/6/2021 0:00,166,172491,93,117595,23,3287,51609,3561,1834247,0.046616119
450,6/7/2021 0:00,148,172639,631,118226,21,3308,51105,2163,1836410,0.068423486
451,6/8/2021 0:00,433,173072,395,118621,18,3326,51125,4479,1840889,0.096673365
452,6/9/2021 0:00,589,173661,312,118933,19,3345,51383,4995,1845884,0.117917918
453,6/10/2021 0:00,624,174285,313,119246,17,3362,51677,6728,1852612,0.09274673
454,6/11/2021 0:00,488,174773,343,119589,16,3378,51806,5831,1858443,0.083690619
455,6/12/2021 0:00,403,175176,442,120031,18,3396,51749,5577,1864020,0.072261072
456,6/13/2021 0:00,161,175337,177,120208,14,3410,51719,2805,1866825,0.057397504
457,6/14/2021 0:00,344,175681,151,120359,11,3421,51901,3654,1870479,0.094143404
458,6/15/2021 0:00,456,176137,535,120894,7,3428,51815,5626,1876105,0.081052257
459,6/16/2021 0:00,485,176622,312,121206,0,3428,51988,5355,1881460,0.090569561
460,6/17/2021 0:00,660,177282,812,122018,6,3434,51830,6176,1887636,0.106865285
461,6/18/2021 0:00,796,178078,328,122346,3,3437,52295,7392,1895028,0.107683983
462,6/19/2021 0:00,714,178792,285,122631,10,3447,52714,6039,1901067,0.118231495
463,6/20/2021 0:00,283,179075,73,122704,9,3456,52915,3452,1904519,0.08198146
464,6/21/2021 0:00,218,179293,261,122965,5,3461,52867,2577,1907096,0.08459449
465,6/22/2021 0:00,583,179876,85,123050,23,3484,53342,6686,1913782,0.087197128
466,6/23/2021 0:00,622,180498,313,123363,30,3514,53621,6236,1920018,0.099743425
467,6/24/2021 0:00,741,181239,99,123462,24,3538,54239,6955,1926973,0.106542056
468,6/25/2021 0:00,646,181885,391,123853,18,3556,54476,6429,1933402,0.10048219
469,6/26/2021 0:00,508,182393,539,124392,18,3574,54427,6664,1940066,0.076230492
470,6/27/2021 0:00,204,182597,44,124436,21,3595,54566,2971,1943037,0.06866375
471,6/28/2021 0:00,287,182884,152,124588,17,3612,54684,2699,1945736,0.10633568
472,6/29/2021 0:00,719,183603,800,125388,9,3621,54594,7608,1953344,0.094505783
473,6/30/2021 0:00,558,184161,296,125684,13,3634,54843,6357,1959701,0.087777253
474,7/1/2021 0:00,376,184537,910,126594,6,3640,54303,3831,1963532,0.098146698
475,7/2/2021 0:00,523,185060,86,126680,11,3651,54729,6469,1970001,0.080847117
476,7/3/2021 0:00,531,185591,276,126956,20,3671,54964,8154,1978155,0.065121413
477,7/4/2021 0:00,277,185868,669,127625,4,3675,54568,3796,1981951,0.072971549
478,7/5/2021 0:00,185,186053,1186,128811,15,3690,53552,2047,1983998,0.09037616
479,7/6/2021 0:00,400,186453,354,129165,7,3697,53591,5068,1989066,0.078926598
480,7/7/2021 0:00,506,186959,45357,174522,8,3705,8732,7376,1996442,0.068600868
481,7/8/2021 0:00,566,187525,1934,176456,11,3716,7353,5344,2001786,0.105913174
482,7/9/2021 0:00,452,187977,1327,177783,2,3718,6476,4876,2006662,0.092698934
483,7/10/2021 0:00,536,188513,336,178119,3,3721,6673,6036,2012698,0.08880053
484,7/11/2021 0:00,241,188754,1401,179520,1,3722,5512,2961,2015659,0.081391422
485,7/12/2021 0:00,188,188942,341,179861,1,3723,5358,2354,2018013,0.079864061
486,7/13/2021 0:00,761,189703,71,179932,9,3732,6039,5794,2023807,0.131342768
487,7/14/2021 0:00,480,190183,148,180080,5,3737,6366,5120,2028927,0.09375
488,7/15/2021 0:00,837,191020,340,180420,9,3746,6854,7545,2036472,0.110934394
489,7/16/2021 0:00,692,191712,123,180543,8,3754,7415,6883,2043355,0.100537556
490,7/17/2021 0:00,723,192435,1139,181682,6,3760,6993,6881,2050236,0.105071937
491,7/18/2021 0:00,323,192758,644,182326,15,3775,6657,3676,2053912,0.087867247
492,7/19/2021 0:00,431,193189,595,182921,8,3783,6485,5281,2059193,0.081613331
493,7/20/2021 0:00,618,193807,290,183211,17,3800,6796,5507,2064700,0.11222081
494,7/21/2021 0:00,503,194310,769,183980,11,3811,6519,4060,2068760,0.123891626
495,7/22/2021 0:00,801,195111,481,184461,15,3826,6824,5850,2074610,0.136923077
496,7/23/2021 0:00,787,195898,424,184885,12,3838,7175,6892,2081502,0.114190366
497,7/24/2021 0:00,847,196745,722,185607,11,3849,7289,6080,2087582,0.139309211
498,7/25/2021 0:00,664,197409,201,185808,16,3865,7736,5432,2093014,0.122238586
499,7/26/2021 0:00,550,197959,786,186594,7,3872,7493,4087,2097101,0.134573036
500,7/27/2021 0:00,976,198935,969,187563,10,3882,7490,6896,2103997,0.141531323
501,7/28/2021 0:00,1006,199941,261,187824,13,3895,8222,5584,2109581,0.180157593
502,7/29/2021 0:00,1068,201009,398,188222,15,3910,8877,7398,2116979,0.144363341
503,7/30/2021 0:00,945,201954,216,188438,16,3926,9590,7295,2124274,0.129540781
504,7/31/2021 0:00,1259,203213,498,188936,5,3931,10346,8081,2132355,0.15579755
505,8/1/2021 0:00,467,203680,195,189131,15,3946,10603,5217,2137572,0.089515047
506,8/2/2021 0:00,591,204271,561,189692,24,3970,10609,4737,2142309,0.124762508
507,8/3/2021 0:00,1085,205356,403,190095,25,3995,11266,7067,2149376,0.153530494
508,8/4/2021 0:00,1335,206691,1093,191188,30,4025,11478,7605,2156981,0.175542406
509,8/5/2021 0:00,1571,208262,4497,195685,32,4057,8520,9065,2166046,0.173303916
510,8/6/2021 0:00,1561,209823,102,195787,31,4088,9948,10072,2176118,0.154984114
511,8/7/2021 0:00,1205,211028,1242,197029,29,4117,9882,8158,2184276,0.147707772
512,8/8/2021 0:00,800,211828,278,197307,32,4149,10372,6530,2190806,0.122511485
513,8/9/2021 0:00,745,212573,161,197468,30,4179,10926,6209,2197015,0.119987115
514,8/10/2021 0:00,1183,213756,1318,198786,32,4211,10759,8144,2205159,0.145260314
515,8/11/2021 0:00,1974,215730,653,199439,30,4241,12050,13407,2218566,0.147236518
516,8/12/2021 0:00,1546,217276,559,199998,32,4273,13005,9752,2228318,0.158531583
517,8/13/2021 0:00,1437,218713,1056,201054,29,4302,13357,10764,2239082,0.133500557
518,8/14/2021 0:00,1225,219938,1318,202372,17,4319,13247,8877,2247959,0.137997071
519,8/15/2021 0:00,789,220727,1550,203922,21,4340,12465,5498,2253457,0.14350673
520,8/16/2021 0:00,679,221406,176,204098,10,4350,12958,5693,2259150,0.119269278
521,8/17/2021 0:00,1488,222894,1814,205912,4,4354,12628,9773,2268923,0.152256216
522,8/18/2021 0:00,1506,224400,1538,207450,24,4378,12572,9840,2278763,0.15304878
523,8/19/2021 0:00,1263,225663,719,208169,26,4404,13090,8680,2287443,0.145506912
524,8/20/2021 0:00,1414,227077,1670,209839,31,4435,12803,10235,2297678,0.138153395
525,8/21/2021 0:00,1286,228363,1942,211781,32,4467,12115,8310,2305988,0.154753309
526,8/22/2021 0:00,646,229009,255,212036,30,4497,12476,6039,2312027,0.106971353
527,8/23/2021 0:00,619,229628,1437,213473,31,4528,11627,4647,2316674,0.133204218
528,8/24/2021 0:00,1166,230794,1901,215374,36,4564,10856,9924,2326598,0.117492946
529,8/25/2021 0:00,1258,232052,753,216127,36,4600,11325,9868,2336466,0.127482773
530,8/26/2021 0:00,817,232869,644,216771,35,4635,11463,6350,2342816,0.128661417
531,8/27/2021 0:00,932,233801,1457,218228,31,4666,10907,9424,2352240,0.098896435
532,8/28/2021 0:00,788,234589,1478,219706,28,4694,10189,6690,2358930,0.117787743
533,8/29/2021 0:00,363,234952,1247,220953,16,4710,9289,4594,2363524,0.079016108
534,8/30/2021 0:00,346,235298,1404,222357,10,4720,8221,3553,2367077,0.097382494
535,8/31/2021 0:00,565,235863,1280,223637,6,4726,7500,4494,2371571,0.125723186
536,9/1/2021 0:00,1018,236881,633,224270,13,4739,7872,9347,2380918,0.10891195
537,9/2/2021 0:00,970,237851,612,224882,7,4746,8223,7940,2388858,0.122166247
538,9/3/2021 0:00,1001,238852,1155,226037,11,4757,8058,9065,2397923,0.11042471
539,9/4/2021 0:00,840,239692,1237,227274,21,4778,7640,8129,2406052,0.103333743
540,9/5/2021 0:00,480,240172,809,228083,8,4786,7303,5668,2411720,0.084685956
541,9/6/2021 0:00,258,240430,923,229006,9,4795,6629,3137,2414857,0.082244182
542,9/7/2021 0:00,704,241134,756,229762,5,4800,6572,6776,2421633,0.103896104
543,9/8/2021 0:00,649,241783,333,230095,30,4830,6858,7704,2429337,0.084241952
544,9/9/2021 0:00,501,242284,312,230407,34,4864,7013,6879,2436216,0.072830353
545,9/10/2021 0:00,661,242945,533,230940,32,4896,7109,8141,2444357,0.081193957
546,9/11/2021 0:00,511,243456,1018,231958,6,4902,6596,6434,2450791,0.079421822
547,9/12/2021 0:00,269,243725,960,232918,4,4906,5901,3872,2454663,0.06947314
548,9/13/2021 0:00,204,243929,984,233902,17,4923,5104,2963,2457626,0.068849139
549,9/14/2021 0:00,451,244380,835,234737,5,4928,4715,6833,2464459,0.06600322
550,9/15/2021 0:00,446,244826,459,235196,21,4949,4681,6406,2470865,0.069622229
551,9/16/2021 0:00,511,245337,273,235469,12,4961,4907,7955,2478820,0.064236329
552,9/17/2021 0:00,444,245781,700,236169,4,4965,4647,7511,2486331,0.0591133
553,9/18/2021 0:00,515,246296,634,236803,15,4980,4513,7981,2494312,0.064528255
554,9/19/2021 0:00,234,246530,492,237295,9,4989,4246,3737,2498049,0.062617073
555,9/20/2021 0:00,113,246643,655,237950,6,4995,3698,2680,2500729,0.042164179
556,9/21/2021 0:00,313,246956,498,238448,13,5008,3500,7034,2507763,0.044498152
557,9/22/2021 0:00,402,247358,259,238707,10,5018,3633,6715,2514478,0.059865972
558,9/23/2021 0:00,317,247675,177,238884,27,5045,3746,6129,2520607,0.051721325
559,9/24/2021 0:00,394,248069,414,239298,37,5082,3689,7254,2527861,0.054314861
560,9/25/2021 0:00,323,248392,432,239730,14,5096,3566,5606,2533467,0.057616839
561,9/26/2021 0:00,69,248461,505,240235,6,5102,3124,1414,2534881,0.048797737
562,9/27/2021 0:00,54,248515,437,240672,7,5109,2734,2501,2537382,0.021591363
563,9/28/2021 0:00,254,248769,508,241180,7,5116,2473,6305,2543687,0.040285488
564,9/29/2021 0:00,405,249174,231,241411,3,5119,2644,6309,2549996,0.064194009
565,9/30/2021 0:00,260,249434,109,241520,4,5123,2791,6226,2556222,0.04176036
566,10/1/2021 0:00,291,249725,308,241828,5,5128,2769,6501,2562723,0.044762344
567,10/2/2021 0:00,298,250023,399,242227,3,5131,2665,6451,2569174,0.046194388
568,10/3/2021 0:00,91,250114,308,242535,9,5140,2439,3435,2572609,0.026491994
569,10/4/2021 0:00,77,250191,322,242857,1,5141,2193,2415,2575024,0.031884058
570,10/5/2021 0:00,189,250380,207,243064,9,5150,2166,6367,2581391,0.02968431
571,10/6/2021 0:00,130,250510,222,243286,25,5175,2049,4869,2586260,0.026699528
572,10/7/2021 0:00,218,250728,51,243337,3,5178,2213,6350,2592610,0.034330709
573,10/8/2021 0:00,170,250898,254,243591,1,5179,2128,6162,2598772,0.027588445
574,10/9/2021 0:00,159,251057,181,243772,2,5181,2104,4046,2602818,0.039298072
575,10/10/2021 0:00,95,251152,172,243944,0,5181,2027,3334,2606152,0.028494301
576,10/11/2021 0:00,96,251248,293,244237,9,5190,1821,3702,2609854,0.025931929
577,10/12/2021 0:00,65,251313,296,244533,5,5195,1585,3198,2613052,0.020325203
578,10/13/2021 0:00,170,251483,213,244746,3,5198,1539,4648,2617700,0.036574871
579,10/14/2021 0:00,186,251669,189,244935,4,5202,1532,6965,2624665,0.026704953
580,10/15/2021 0:00,134,251803,142,245077,8,5210,1516,6047,2630712,0.022159749
581,10/16/2021 0:00,156,251959,101,245178,5,5215,1566,4408,2635120,0.0353902
582,10/17/2021 0:00,74,252033,76,245254,8,5223,1556,3987,2639107,0.018560321
583,10/18/2021 0:00,33,252066,93,245347,1,5224,1495,3530,2642637,0.009348442
584,10/19/2021 0:00,125,252191,230,245577,9,5233,1381,5372,2648009,0.023268801
585,10/20/2021 0:00,117,252308,209,245786,5,5238,1284,6004,2654013,0.019487009
586,10/21/2021 0:00,67,252375,96,245882,5,5243,1250,2988,2657001,0.022423025
587,10/22/2021 0:00,124,252499,80,245962,6,5249,1288,7356,2664357,0.016856987
588,10/23/2021 0:00,129,252628,65,246027,6,5255,1346,5110,2669467,0.025244618
589,10/24/2021 0:00,44,252672,247,246274,2,5257,1141,4238,2673705,0.010382256
590,10/25/2021 0:00,16,252688,81,246355,3,5260,1073,1318,2675023,0.012139605
591,10/26/2021 0:00,151,252839,35,246390,3,5263,1186,7224,2682247,0.020902547
592,10/27/2021 0:00,99,252938,115,246505,3,5266,1167,4895,2687142,0.020224719
593,10/28/2021 0:00,80,253018,64,246569,4,5270,1179,4188,2691330,0.019102197
594,10/29/2021 0:00,133,253151,52,246621,3,5273,1257,5522,2696852,0.024085476
595,10/30/2021 0:00,142,253293,144,246765,3,5276,1252,4950,2701802,0.028686869
596,10/31/2021 0:00,17,253310,64,246829,5,5281,1200,3014,2704816,0.005640345
597,11/1/2021 0:00,29,253339,92,246921,0,5281,1137,3684,2708500,0.007871878
598,11/2/2021 0:00,70,253409,36,246957,1,5282,1170,5755,2714255,0.012163336
599,11/3/2021 0:00,103,253512,68,247025,0,5282,1205,4617,2718872,0.022308859
600,11/4/2021 0:00,149,253661,131,247156,14,5296,1209,5500,2724372,0.027090909
601,11/5/2021 0:00,76,253737,46,247202,0,5296,1239,6267,2730639,0.012127015
602,11/6/2021 0:00,76,253813,41,247243,9,5305,1265,4617,2735256,0.016460905
603,11/7/2021 0:00,20,253833,57,247300,7,5312,1221,3444,2738700,0.005807201
604,11/8/2021 0:00,20,253853,70,247370,0,5312,1171,3136,2741836,0.006377551
605,11/9/2021 0:00,26,253879,88,247458,2,5314,1107,1346,2743182,0.019316493
606,11/10/2021 0:00,178,254057,31,247489,0,5314,1254,7091,2750273,0.025102242
607,11/11/2021 0:00,94,254151,38,247527,1,5315,1309,6765,2757038,0.013895048
608,11/12/2021 0:00,64,254215,47,247574,1,5316,1325,4790,2761828,0.013361169
609,11/13/2021 0:00,61,254276,59,247633,0,5316,1327,5525,2767353,0.011040724
610,11/14/2021 0:00,21,254297,12,247645,0,5316,1336,2709,2770062,0.007751938
611,11/15/2021 0:00,12,254309,37,247682,3,5319,1308,1730,2771792,0.006936416
612,11/16/2021 0:00,75,254384,29,247711,3,5322,1351,3854,2775646,0.019460301
613,11/17/2021 0:00,69,254453,80,247791,3,5325,1337,5345,2780991,0.012909261
614,11/18/2021 0:00,88,254541,26,247817,0,5325,1399,4681,2785672,0.018799402
615,11/19/2021 0:00,88,254629,57,247874,0,5325,1430,4802,2790474,0.018325698
616,11/20/2021 0:00,59,254688,45,247919,0,5325,1444,4336,2794810,0.013607011
617,11/21/2021 0:00,22,254710,35,247954,3,5328,1428,3191,2798001,0.00689439
618,11/22/2021 0:00,18,254728,21,247975,0,5328,1425,3982,2801983,0.004520342
619,11/23/2021 0:00,53,254781,17,247992,2,5330,1459,5031,2807014,0.010534685
620,11/24/2021 0:00,35,254816,26,248018,2,5332,1466,4246,2811260,0.008243052
621,11/25/2021 0:00,46,254862,52,248070,1,5333,1459,4913,2816173,0.009362915
622,11/26/2021 0:00,42,254904,15,248085,0,5333,1486,4971,2821144,0.008449004
623,11/27/2021 0:00,36,254940,31,248116,0,5333,1491,3495,2824639,0.010300429
624,11/28/2021 0:00,11,254951,15,248131,0,5333,1487,2463,2827102,0.004466098
625,11/29/2021 0:00,28,254979,177,248308,1,5334,1337,2969,2830071,0.009430785
626,11/30/2021 0:00,109,255088,10,248318,1,5335,1435,4994,2835065,0.021826191
627,12/1/2021 0:00,76,255164,32,248350,0,5335,1479,4853,2839918,0.015660416
628,12/2/2021 0:00,96,255260,26,248376,0,5335,1549,4040,2843958,0.023762376
629,12/3/2021 0:00,95,255355,22,248398,0,5335,1622,4799,2848757,0.019795791
630,12/4/2021 0:00,53,255408,6,248404,0,5335,1669,4071,2852828,0.013018914
631,12/5/2021 0:00,29,255437,22,248426,0,5335,1676,2933,2855761,0.009887487
632,12/6/2021 0:00,32,255469,18,248444,0,5335,1690,2893,2858654,0.011061182
633,12/7/2021 0:00,75,255544,8,248452,2,5337,1755,4771,2863425,0.015719975
634,12/8/2021 0:00,108,255652,21,248473,0,5337,1842,5073,2868498,0.021289178
635,12/9/2021 0:00,144,255796,7,248480,2,5339,1977,5897,2874395,0.024419196
636,12/10/2021 0:00,136,255932,8,248488,3,5342,2102,4895,2879290,0.027783453
637,12/11/2021 0:00,202,256134,23,248511,4,5346,2277,6312,2885602,0.032002535
638,12/12/2021 0:00,201,256335,4,248515,2,5348,2472,4011,2889613,0.050112191
639,12/13/2021 0:00,149,256484,36,248551,1,5349,2584,2280,2891893,0.065350877
640,12/14/2021 0:00,331,256815,253,248804,0,5349,2662,2872,2894765,0.115250696
641,12/15/2021 0:00,798,257613,205,249009,1,5350,3254,7529,2902294,0.105990171
642,12/16/2021 0:00,943,258556,145,249154,0,5350,4052,5787,2908081,0.162951443
643,12/17/2021 0:00,1610,260166,38,249192,3,5353,5621,7176,2915257,0.224358974
644,12/18/2021 0:00,2169,262335,30,249222,0,5353,7760,9428,2924685,0.230059398
645,12/19/2021 0:00,1372,263707,74,249296,0,5353,9058,5635,2930320,0.243478261
646,12/20/2021 0:00,1020,264727,19,249315,0,5353,10059,3444,2933764,0.296167247
647,12/21/2021 0:00,2844,267571,159,249474,1,5354,12743,10215,2943979,0.278414097
648,12/22/2021 0:00,3325,270896,83,249557,1,5355,15984,11197,2955176,0.296954541
649,12/23/2021 0:00,3749,274645,60,249617,1,5356,19672,11537,2966713,0.324954494
650,12/24/2021 0:00,2964,277609,77,249694,1,5357,22558,9082,2975795,0.326359833
651,12/25/2021 0:00,3749,281358,243,249937,2,5359,26062,11460,2987255,0.327137871
652,12/26/2021 0:00,1196,282554,59,249996,2,5361,27197,3415,2990670,0.350219619
653,12/27/2021 0:00,1596,284150,330,250326,3,5364,28460,4242,2994912,0.376237624
654,12/28/2021 0:00,1504,285654,401,250727,0,5364,29563,4636,2999548,0.324417601
655,12/29/2021 0:00,3297,288951,236,250963,8,5372,32616,9637,3009185,0.342118917
656,12/30/2021 0:00,3286,292237,260,251223,4,5376,35638,11703,3020888,0.280782705
657,12/31/2021 0:00,2791,295028,1058,252281,2,5378,37369,9384,3030272,0.297421142
658,1/1/2022 0:00,2127,297155,1434,253715,3,5381,38059,6710,3036982,0.316989568
659,1/2/2022 0:00,1354,298509,400,254115,3,5384,39010,5331,3042313,0.253986119
660,1/3/2022 0:00,1223,299732,2436,256551,10,5394,37787,4003,3046316,0.305520859
661,1/4/2022 0:00,2402,302134,1982,258533,7,5401,38200,10638,3056954,0.225794322
662,1/5/2022 0:00,2216,304350,775,259308,3,5404,39638,8669,3065623,0.255623486
663,1/6/2022 0:00,2336,306686,1759,261067,7,5411,40208,10558,3076181,0.221254025
664,1/7/2022 0:00,2444,309130,1066,262133,14,5425,41572,9269,3085450,0.263674614
665,1/8/2022 0:00,1667,310797,2523,264656,12,5437,40704,8703,3094153,0.191543146
666,1/9/2022 0:00,741,311538,306,264962,9,5446,41130,5329,3099482,0.139050479
667,1/10/2022 0:00,1034,312572,3611,268573,8,5454,38545,4975,3104457,0.207839196
668,1/11/2022 0:00,1105,313677,3320,271893,8,5462,36322,6945,3111402,0.159107271
669,1/12/2022 0:00,813,314490,4126,276019,7,5469,33002,6005,3117407,0.135387177
670,1/13/2022 0:00,1175,315665,3025,279044,3,5472,31149,10073,3127480,0.116648466
671,1/14/2022 0:00,1035,316700,1155,280199,10,5482,31019,9337,3136817,0.110849309
672,1/15/2022 0:00,624,317324,1144,281343,6,5488,30493,7045,3143862,0.088573456
673,1/16/2022 0:00,310,317634,3384,284727,0,5488,27419,3961,3147823,0.078263065
674,1/17/2022 0:00,223,317857,900,285627,11,5499,26731,3456,3151279,0.064525463
675,1/18/2022 0:00,392,318249,856,286483,5,5504,26262,5730,3157009,0.068411867
676,1/19/2022 0:00,762,319011,657,287140,16,5520,26351,7780,3164789,0.097943445
677,1/20/2022 0:00,368,319379,823,287963,0,5520,25896,6003,3170792,0.061302682
678,1/21/2022 0:00,459,319838,461,288424,8,5528,25886,6193,3176985,0.074115937
679,1/22/2022 0:00,300,320138,1123,289547,3,5531,25060,6072,3183057,0.049407115
680,1/23/2022 0:00,91,320229,1814,291361,23,5554,23314,3229,3186286,0.0281821
681,1/24/2022 0:00,170,320399,556,291917,4,5558,22924,3659,3189945,0.046460782
682,1/25/2022 0:00,185,320584,440,292357,4,5562,22665,5515,3195460,0.033544878
683,1/26/2022 0:00,182,320766,230,292587,3,5565,22614,5477,3200937,0.03322987
684,1/27/2022 0:00,152,320918,430,293017,2,5567,22334,5666,3206603,0.026826685
685,1/28/2022 0:00,193,321111,1018,294035,11,5578,21498,5207,3211810,0.037065489
686,1/29/2022 0:00,123,321234,38,294073,0,5578,21583,4829,3216639,0.025471112
687,1/30/2022 0:00,101,321335,542,294615,2,5580,21140,3923,3220562,0.025745603
688,1/31/2022 0:00,46,321381,107,294722,3,5583,21076,2324,3222886,0.01979346
689,2/1/2022 0:00,171,321552,137,294859,4,5587,21106,6137,3229023,0.027863777
690,2/2/2022 0:00,119,321671,574,295433,6,5593,20645,4808,3233831,0.024750416
691,2/3/2022 0:00,93,321764,101,295534,11,5604,20626,6859,3240690,0.013558828
692,2/4/2022 0:00,158,321922,46,295580,0,5604,20738,6899,3247589,0.02290187
693,2/5/2022 0:00,121,322043,117,295697,3,5607,20739,6454,3254043,0.018748063
694,2/6/2022 0:00,53,322096,274,295971,14,5621,20504,4054,3258097,0.013073508
695,2/7/2022 0:00,55,322151,137,296108,0,5621,20422,3216,3261313,0.01710199
696,2/8/2022 0:00,63,322214,129,296237,0,5621,20356,4847,3266160,0.012997731
697,2/9/2022 0:00,60,322274,245,296482,1,5622,20170,6126,3272286,0.009794319
698,2/10/2022 0:00,60,322334,3823,300305,4,5626,16403,6432,3278718,0.009328358
699,2/11/2022 0:00,54,322388,2342,302647,0,5626,14115,5578,3284296,0.009680889
700,2/12/2022 0:00,47,322435,46,302693,3,5629,14113,6684,3290980,0.007031718
701,2/13/2022 0:00,38,322473,51,302744,2,5631,14098,4102,3295082,0.009263774
702,2/14/2022 0:00,24,322497,85,302829,1,5632,14036,4050,3299132,0.005925926
703,2/15/2022 0:00,20,322517,37,302866,0,5632,14019,5545,3304677,0.003606853
704,2/16/2022 0:00,28,322545,52,302918,1,5633,13994,5617,3310294,0.004984867
705,2/17/2022 0:00,69,322614,19,302937,0,5633,14044,6352,3316646,0.01086272
706,2/18/2022 0:00,26,322640,29,302966,0,5633,14041,5679,3322325,0.004578271
707,2/19/2022 0:00,29,322669,44,303010,2,5635,14024,5547,3327872,0.005228051
708,2/20/2022 0:00,27,322696,69,303079,0,5635,13982,5151,3333023,0.005241701
709,2/21/2022 0:00,6,322702,28,303107,3,5638,13957,2889,3335912,0.002076843
710,2/22/2022 0:00,34,322736,0,303107,0,5638,13991,5136,3341048,0.006619938
711,2/23/2022 0:00,45,322781,37,303144,0,5638,13999,5523,3346571,0.008147746
712,2/24/2022 0:00,41,322822,22,303166,0,5638,14018,5211,3351782,0.007867972
713,2/25/2022 0:00,47,322869,32,303198,0,5638,14033,5928,3357710,0.007928475
714,2/26/2022 0:00,37,322906,10,303208,1,5639,14059,5894,3363604,0.00627757
715,2/27/2022 0:00,24,322930,40,303248,0,5639,14043,4459,3368063,0.005382373
716,2/28/2022 0:00,16,322946,13,303261,0,5639,14046,3135,3371198,0.005103668
717,3/1/2022 0:00,32,322978,13,303274,0,5639,14065,5480,3376678,0.005839416
718,3/2/2022 0:00,24,323002,22,303296,1,5640,14066,4956,3381634,0.004842615
719,3/3/2022 0:00,23,323025,0,303296,0,5640,14089,5517,3387151,0.004168932
720,3/4/2022 0:00,32,323057,28,303324,0,5640,14093,6528,3393679,0.004901961
721,3/5/2022 0:00,14,323071,5,303329,0,5640,14102,5485,3399164,0.002552416
722,3/6/2022 0:00,4,323075,23,303352,1,5641,14082,3956,3403120,0.001011122
723,3/7/2022 0:00,19,323094,13577,316929,0,5641,524,3293,3406413,0.005769815
724,3/8/2022 0:00,21,323115,48,316977,0,5641,497,6277,3412690,0.003345547
725,3/9/2022 0:00,14,323129,36,317013,0,5641,475,5585,3418275,0.002506714
726,3/10/2022 0:00,11,323140,200,317213,3,5644,283,4928,3423203,0.002232143
727,3/11/2022 0:00,20,323160,2,317215,0,5644,301,6123,3429326,0.003266373
728,3/12/2022 0:00,11,323171,192,317407,0,5644,120,5218,3434544,0.002108087
729,3/13/2022 0:00,12,323183,1,317408,1,5645,130,5672,3440216,0.002115656
730,3/14/2022 0:00,12,323195,0,317408,1,5646,141,2739,3442955,0.004381161
731,3/15/2022 0:00,9,323204,12,317420,1,5647,137,5151,3448106,0.001747234
732,3/16/2022 0:00,15,323219,20,317440,0,5647,132,4801,3452907,0.003124349
733,3/17/2022 0:00,18,323237,4,317444,0,5647,146,4287,3457194,0.00419874
734,3/18/2022 0:00,18,323255,19,317463,0,5647,145,4732,3461926,0.003803888
735,3/19/2022 0:00,17,323272,21,317484,0,5647,141,5029,3466955,0.003380394
736,3/20/2022 0:00,9,323281,14,317498,0,5647,136,4020,3470975,0.002238806
737,3/21/2022 0:00,8,323289,8,317506,0,5647,136,2727,3473702,0.002933627
738,3/22/2022 0:00,17,323306,2,317508,0,5647,151,4480,3478182,0.003794643
739,3/23/2022 0:00,13,323319,26,317534,0,5647,138,4625,3482807,0.002810811
740,3/24/2022 0:00,14,323333,2,317536,0,5647,150,4307,3487114,0.003250522
741,3/25/2022 0:00,17,323350,0,317536,0,5647,167,4297,3491411,0.003956249
742,3/26/2022 0:00,15,323365,36,317572,0,5647,146,4549,3495960,0.003297428
743,3/27/2022 0:00,9,323374,18,317590,0,5647,137,3572,3499532,0.002519597
744,3/28/2022 0:00,9,323383,18,317608,0,5647,128,3255,3502787,0.002764977
745,3/29/2022 0:00,12,323395,16,317624,1,5648,123,4661,3507448,0.002574555
746,3/30/2022 0:00,7,323402,9,317633,0,5648,121,4166,3511614,0.001680269
747,3/31/2022 0:00,21,323423,8,317641,0,5648,134,4261,3515875,0.004928421
748,4/1/2022 0:00,13,323436,17,317658,0,5648,130,4451,3520326,0.002920692
749,4/2/2022 0:00,14,323450,13,317671,0,5648,131,4313,3524639,0.003246
750,4/3/2022 0:00,4,323454,14,317685,0,5648,121,2488,3527127,0.001607717
751,4/4/2022 0:00,14,323468,17,317702,0,5648,118,3507,3530634,0.003992016
752,4/5/2022 0:00,11,323479,15,317717,0,5648,114,3922,3534556,0.002804691
753,4/6/2022 0:00,18,323497,9,317726,0,5648,123,2917,3537473,0.006170723
754,4/7/2022 0:00,9,323506,9,317735,0,5648,123,2772,3540245,0.003246753
755,4/8/2022 0:00,15,323521,12,317747,0,5648,126,3683,3543928,0.004072767
756,4/9/2022 0:00,10,323531,7,317754,0,5648,129,3827,3547755,0.002613013
757,4/10/2022 0:00,10,323541,21,317775,0,5648,118,2211,3549966,0.00452284
758,4/11/2022 0:00,16,323557,7,317782,0,5648,127,2001,3551967,0.007996002
759,4/12/2022 0:00,26,323583,19,317801,1,5649,133,2621,3554588,0.009919878
760,4/13/2022 0:00,5,323588,0,317801,0,5649,138,2928,3557516,0.00170765
761,4/14/2022 0:00,7,323595,0,317801,0,5649,145,2725,3560241,0.002568807
762,4/15/2022 0:00,10,323605,5,317806,0,5649,150,2719,3562960,0.003677823
763,4/16/2022 0:00,4,323609,5,317811,0,5649,149,2121,3565081,0.001885903
764,4/17/2022 0:00,5,323614,0,317811,0,5649,154,1836,3566917,0.002723312
765,4/18/2022 0:00,4,323618,0,317811,0,5649,158,1604,3568521,0.002493766
766,4/19/2022 0:00,12,323630,40,317851,0,5649,130,2233,3570754,0.005373936
767,4/20/2022 0:00,16,323646,31,317882,0,5649,115,3183,3573937,0.005026704
768,4/21/2022 0:00,18,323664,0,317882,0,5649,133,2086,3576023,0.008628955
769,4/22/2022 0:00,24,323688,20,317902,0,5649,137,2716,3578739,0.008836524
770,4/23/2022 0:00,8,323696,7,317909,0,5649,138,2767,3581506,0.002891218
771,4/24/2022 0:00,13,323709,0,317909,0,5649,151,2664,3584170,0.00487988
772,4/25/2022 0:00,9,323718,10,317919,0,5649,150,2236,3586406,0.004025045
773,4/26/2022 0:00,5,323723,4,317923,0,5649,151,2326,3588732,0.002149613
774,4/27/2022 0:00,11,323734,5,317928,0,5649,157,2028,3590760,0.005424063
775,4/28/2022 0:00,11,323745,4,317932,0,5649,164,2493,3593253,0.004412355
776,4/29/2022 0:00,15,323760,0,317932,0,5649,179,3214,3596467,0.004667082
777,4/30/2022 0:00,13,323773,28,317960,0,5649,164,2342,3598809,0.005550811
778,5/1/2022 0:00,13,323786,18,317978,0,5649,159,2254,3601063,0.005767524
779,5/2/2022 0:00,6,323792,24,318002,0,5649,141,1248,3602311,0.004807692
780,5/3/2022 0:00,4,323796,8,318010,0,5649,137,1220,3603531,0.003278689
781,5/4/2022 0:00,10,323806,24,318034,0,5649,123,2329,3605860,0.004293688
782,5/5/2022 0:00,12,323818,8,318042,0,5649,127,2472,3608332,0.004854369
783,5/6/2022 0:00,28,323846,13,318055,0,5649,142,2315,3610647,0.012095032
784,5/7/2022 0:00,22,323868,9,318064,0,5649,155,2852,3613499,0.007713885
785,5/8/2022 0:00,13,323881,5,318069,,5649,163,1619,3615118,0.008029648
786,5/9/2022 0:00,19,323900,15,318084,0,5649,167,2889,3618007,0.00657667
787,5/10/2022 0:00,21,323921,13,318097,0,5649,175,2560,3620567,0.008203125
788,5/11/2022 0:00,18,323939,13,318110,0,5649,180,2990,3623557,0.006020067
789,5/12/2022 0:00,13,323952,6,318116,0,5649,187,1816,3625373,0.00715859
790,5/13/2022 0:00,23,323975,4,318120,0,5649,206,2646,3628019,0.008692366
791,5/14/2022 0:00,36,324011,10,318130,0,5649,232,2967,3630986,0.012133468
792,5/15/2022 0:00,15,324026,12,318142,0,5649,235,2285,3633271,0.006564551
793,5/16/2022 0:00,20,324046,28,318170,0,5649,227,2008,3635279,0.009960159
794,5/17/2022 0:00,25,324071,22,318192,0,5649,230,2315,3637594,0.010799136
795,5/18/2022 0:00,26,324097,13,318205,0,5649,243,2868,3640462,0.009065551
796,5/19/2022 0:00,32,324129,19,318224,0,5649,256,2059,3642521,0.015541525
797,5/20/2022 0:00,46,324175,21,318245,0,5649,281,2331,3644852,0.01973402
798,5/21/2022 0:00,47,324222,18,318263,0,5649,310,2248,3647100,0.020907473
799,5/22/2022 0:00,20,324242,13,318276,2,5651,315,2219,3649319,0.009013069
800,5/23/2022 0:00,32,324274,48,318324,0,5651,299,1446,3650765,0.022130014
801,5/24/2022 0:00,75,324349,36,318360,0,5651,338,2248,3653013,0.033362989
802,5/25/2022 0:00,57,324406,15,318375,0,5651,380,2954,3655967,0.01929587
803,5/26/2022 0:00,63,324469,20,318395,0,5651,423,2075,3658042,0.030361446
804,5/27/2022 0:00,89,324558,25,318420,0,5651,487,2634,3660676,0.033788914
805,5/28/2022 0:00,128,324686,26,318446,0,5651,589,2303,3662979,0.055579679
806,5/29/2022 0:00,82,324768,15,318461,0,5651,656,2197,3665176,0.037323623
807,5/30/2022 0:00,91,324859,63,318524,0,5651,684,2371,3667547,0.03838043
808,5/31/2022 0:00,117,324976,81,318605,0,5651,720,2632,3670179,0.044452888
809,6/1/2022 0:00,94,325070,0,318605,0,5651,814,2590,3672769,0.036293436
810,6/2/2022 0:00,100,325170,18,318623,0,5651,896,1759,3674528,0.056850483
811,6/3/2022 0:00,150,325320,75,318698,0,5651,971,2999,3677527,0.050016672
812,6/4/2022 0:00,122,325442,57,318755,0,5651,1036,2391,3679918,0.051024676
813,6/5/2022 0:00,112,325554,63,318818,0,5651,1085,2214,3682132,0.050587173
814,6/6/2022 0:00,80,325634,89,318907,0,5651,1076,1367,3683499,0.058522312
815,6/7/2022 0:00,163,325797,128,319035,0,5651,1111,2470,3685969,0.065991903
816,6/8/2022 0:00,218,326015,82,319117,0,5651,1247,3317,3689286,0.065722038
817,6/9/2022 0:00,202,326217,91,319208,0,5651,1358,2787,3692073,0.072479368
818,6/10/2022 0:00,232,326449,117,319325,0,5651,1473,3375,3695448,0.068740741
819,6/11/2022 0:00,288,326737,94,319419,0,5651,1667,3696,3699144,0.077922078
820,6/12/2022 0:00,195,326932,100,319519,0,5651,1762,2549,3701693,0.076500588
821,6/13/2022 0:00,213,327145,150,319669,0,5651,1825,2147,3703840,0.099208197
822,6/14/2022 0:00,280,327425,122,319791,0,5651,1983,3105,3706945,0.090177134
823,6/15/2022 0:00,467,327892,112,319903,0,5651,2338,3728,3710673,0.12526824
824,6/16/2022 0:00,427,328319,80,319983,0,5651,2685,3307,3713980,0.129120048
825,6/17/2022 0:00,390,328709,163,320146,0,5651,2912,3353,3717333,0.116313749
826,6/18/2022 0:00,398,329107,218,320364,0,5651,3092,2745,3720078,0.144990893
827,6/19/2022 0:00,246,329353,202,320566,0,5651,3136,2484,3722562,0.099033816
828,6/20/2022 0:00,252,329605,232,320798,0,5651,3156,1993,3724555,0.126442549
829,6/21/2022 0:00,419,330024,288,321086,0,5651,3287,3610,3728165,0.116066482
830,6/22/2022 0:00,454,330478,195,321281,0,5651,3546,3534,3731699,0.128466327
831,6/23/2022 0:00,559,331037,213,321494,0,5651,3892,3639,3735338,0.15361363
832,6/24/2022 0:00,502,331539,280,321774,0,5651,4114,3503,3738841,0.143305738
833,6/25/2022 0:00,427,331966,467,322241,0,5651,4074,3291,3742132,0.129747797
834,6/26/2022 0:00,261,332227,426,322667,1,5652,3908,2697,3744829,0.096774194
835,6/27/2022 0:00,232,332459,390,323057,0,5652,3750,2030,3746859,0.114285714
836,6/28/2022 0:00,439,332898,398,323455,0,5652,3791,3937,3750796,0.111506223
837,6/29/2022 0:00,392,333290,246,323701,0,5652,3937,3124,3753920,0.125480154
838,6/30/2022 0:00,404,333694,252,323953,0,5652,4089,3075,3756995,0.131382114
839,7/1/2022 0:00,258,333952,419,324372,1,5653,3927,3206,3760201,0.080474111
840,7/2/2022 0:00,297,334249,454,324826,2,5655,3768,3100,3763301,0.095806452
841,7/3/2022 0:00,194,334443,559,325385,1,5656,3402,2319,3765620,0.083656749
842,7/4/2022 0:00,108,334551,53,325438,0,5656,3457,1366,3766986,0.079062958
843,7/5/2022 0:00,249,334800,248,325686,1,5657,3457,2572,3769558,0.09681182
844,7/6/2022 0:00,292,335092,261,325947,2,5659,3486,3297,3772855,0.088565362
845,7/7/2022 0:00,249,335341,852,326799,1,5660,2882,2118,3774973,0.117563739
846,7/8/2022 0:00,228,335569,20,326819,0,5660,3090,2471,3777444,0.092270336
847,7/9/2022 0:00,204,335773,808,327627,3,5663,2483,2372,3779816,0.086003373
848,7/10/2022 0:00,88,335861,400,328027,4,5667,2167,1615,3781431,0.054489164
849,7/11/2022 0:00,68,335929,257,328284,1,5668,1977,1637,3783068,0.041539401
850,7/12/2022 0:00,124,336053,283,328567,0,5668,1818,2060,3785128,0.060194175
851,7/13/2022 0:00,239,336292,258,328825,0,5668,1799,2413,3787541,0.09904683
852,7/14/2022 0:00,153,336445,297,329122,0,5668,1655,2769,3790310,0.055254605
853,7/15/2022 0:00,133,336578,194,329316,0,5668,1594,2526,3792836,0.052652415
854,7/16/2022 0:00,112,336690,108,329424,0,5668,1598,2224,3795060,0.050359712
855,7/17/2022 0:00,50,336740,249,329673,0,5668,1399,1160,3796220,0.043103448
856,7/18/2022 0:00,58,336798,228,329901,0,5668,1229,1511,3797731,0.038385175
857,7/19/2022 0:00,106,336904,204,330105,0,5668,1131,2057,3799788,0.051531356
858,7/20/2022 0:00,101,337005,88,330193,2,5670,1142,2222,3802010,0.045454545
859,7/21/2022 0:00,80,337085,68,330261,0,5670,1154,2075,3804085,0.038554217
860,7/22/2022 0:00,76,337161,124,330385,0,5670,1106,1680,3805765,0.045238095
861,7/23/2022 0:00,81,337242,239,330624,0,5670,948,1377,3807142,0.058823529
862,7/24/2022 0:00,55,337297,153,330777,0,5670,850,1934,3809076,0.028438469
863,7/25/2022 0:00,42,337339,133,330910,0,5670,759,1564,3810640,0.02685422
864,7/26/2022 0:00,50,337389,110,331020,2,5672,697,1869,3812509,0.026752274
865,7/27/2022 0:00,67,337456,50,331070,0,5672,714,1924,3814433,0.034823285
866,7/28/2022 0:00,44,337500,58,331128,0,5672,700,2058,3816491,0.021379981
867,7/29/2022 0:00,50,337550,106,331234,0,5672,644,1583,3818074,0.031585597
868,7/30/2022 0:00,49,337599,101,331335,0,5672,592,1836,3819910,0.026688453
869,7/31/2022 0:00,23,337622,80,331415,0,5672,535,1962,3821872,0.011722732
870,8/1/2022 0:00,17,337639,76,331491,0,5672,476,1146,3823018,0.014834206
871,8/2/2022 0:00,50,337689,81,331572,0,5672,445,1584,3824602,0.031565657
872,8/3/2022 0:00,45,337734,55,331627,0,5672,435,1815,3826417,0.024793388
873,8/4/2022 0:00,34,337768,42,331669,0,5672,427,1283,3827700,0.02650039
874,8/5/2022 0:00,40,337808,50,331719,0,5672,417,2136,3829836,0.018726592
875,8/6/2022 0:00,25,337833,67,331786,0,5672,375,1495,3831331,0.016722408
876,8/7/2022 0:00,20,337853,44,331830,0,5672,351,1244,3832575,0.01607717
877,8/8/2022 0:00,21,337874,50,331880,0,5672,322,1095,3833670,0.019178082
878,8/9/2022 0:00,10,337884,49,331929,0,5672,283,1008,3834678,0.009920635
879,8/10/2022 0:00,10,337894,23,331952,1,5673,269,427,3835105,0.023419204
880,8/11/2022 0:00,18,337912,17,331969,0,5673,270,724,3835829,0.024861878
881,8/12/2022 0:00,9,337921,50,332019,0,5673,229,675,3836504,0.013333333
882,8/13/2022 0:00,17,337938,45,332064,0,5673,201,944,3837448,0.018008475
883,8/14/2022 0:00,12,337950,34,332098,0,5673,179,763,3838211,0.015727392
884,8/15/2022 0:00,11,337961,5,332103,0,5673,185,611,3838822,0.018003273
885,8/16/2022 0:00,5,337966,57,332160,0,5673,133,775,3839597,0.006451613
886,8/17/2022 0:00,19,337985,20,332180,0,5673,132,1262,3840859,0.015055468
887,8/18/2022 0:00,24,338009,21,332201,0,5673,135,1325,3842184,0.018113208
888,8/19/2022 0:00,13,338022,10,332211,0,5673,138,1229,3843413,0.010577705
889,8/20/2022 0:00,20,338042,10,332221,0,5673,148,1462,3844875,0.013679891
890,8/21/2022 0:00,5,338047,18,332239,0,5673,135,768,3845643,0.006510417
891,8/22/2022 0:00,6,338053,0,332239,0,5673,141,640,3846283,0.009375
892,8/23/2022 0:00,8,338061,17,332256,0,5673,132,1041,3847324,0.007684918
893,8/24/2022 0:00,27,338088,12,332268,0,5673,147,1486,3848810,0.018169583
894,8/25/2022 0:00,5,338093,11,332279,0,5673,141,865,3849675,0.005780347
895,8/26/2022 0:00,12,338105,14,332293,0,5673,139,1048,3850723,0.011450382
896,8/27/2022 0:00,48,338153,5,332298,0,5673,182,1449,3852172,0.033126294
897,8/28/2022 0:00,8,338161,39,332337,1,5674,150,727,3852899,0.011004127
898,8/29/2022 0:00,4,338165,13,332350,0,5674,141,682,3853581,0.005865103
899,8/30/2022 0:00,5,338170,20,332370,0,5674,126,1062,3854643,0.004708098
900,8/31/2022 0:00,13,338183,5,332375,0,5674,134,848,3855491,0.015330189
901,9/1/2022 0:00,27,338210,6,332381,0,5674,155,1548,3857039,0.01744186
902,9/2/2022 0:00,4,338214,8,332389,0,5674,151,903,3857942,0.004429679
903,9/3/2022 0:00,20,338234,27,332416,0,5674,144,1659,3859601,0.012055455
904,9/4/2022 0:00,1,338235,13,332429,0,5674,132,866,3860467,0.001154734
905,9/5/2022 0:00,2,338237,2,332431,0,5674,132,688,3861155,0.002906977
906,9/6/2022 0:00,6,338243,12,332443,0,5674,126,1393,3862548,0.004307251
907,9/7/2022 0:00,16,338259,48,332491,0,5674,94,1048,3863596,0.015267176
908,9/8/2022 0:00,12,338271,8,332499,0,5674,98,1153,3864749,0.010407632
909,9/9/2022 0:00,9,338280,4,332503,0,5674,103,1013,3865762,0.008884501
910,9/10/2022 0:00,10,338290,5,332508,0,5674,108,1428,3867190,0.007002801
911,9/11/2022 0:00,5,338295,13,332521,0,5674,100,641,3867831,0.007800312
912,9/12/2022 0:00,6,338301,4,332525,0,5674,102,705,3868536,0.008510638
913,9/13/2022 0:00,6,338307,20,332545,1,5675,87,827,3869363,0.007255139
914,9/14/2022 0:00,1,338308,1,332546,0,5675,87,399,3869762,0.002506266
915,9/15/2022 0:00,7,338315,2,332548,0,5675,92,1380,3871142,0.005072464
916,9/16/2022 0:00,9,338324,6,332554,0,5675,95,992,3872134,0.009072581
917,9/17/2022 0:00,8,338332,16,332570,0,5675,87,787,3872921,0.010165184
918,9/18/2022 0:00,9,338341,6,332576,0,5675,90,861,3873782,0.010452962
919,9/19/2022 0:00,6,338347,9,332585,0,5675,87,487,3874269,0.012320329
920,9/20/2022 0:00,18,338365,10,332595,0,5675,95,987,3875256,0.018237082
921,9/21/2022 0:00,6,338371,5,332600,0,5675,96,986,3876242,0.006085193
922,9/22/2022 0:00,8,338379,6,332606,0,5675,98,899,3877141,0.008898776
923,9/23/2022 0:00,3,338382,6,332612,0,5675,95,626,3877767,0.004792332
924,9/24/2022 0:00,7,338389,1,332613,0,5675,101,952,3878719,0.007352941
925,9/25/2022 0:00,1,338390,7,332620,0,5675,95,435,3879154,0.002298851
926,9/26/2022 0:00,2,338392,9,332629,0,5675,88,707,3879861,0.002828854
927,9/27/2022 0:00,12,338404,0,332629,0,5675,100,994,3880855,0.012072435
928,9/28/2022 0:00,16,338420,34,332663,3,5678,79,1112,3881967,0.014388489
929,9/29/2022 0:00,4,338424,6,332669,0,5678,77,1483,3883450,0.002697235
930,9/30/2022 0:00,10,338434,0,332669,0,5678,87,964,3884414,0.010373444
931,10/1/2022 0:00,5,338439,24,332693,0,5678,68,841,3885255,0.005945303
932,10/2/2022 0:00,6,338445,8,332701,0,5678,66,680,3885935,0.008823529
933,10/3/2022 0:00,4,338449,3,332704,0,5678,67,580,3886515,0.006896552
934,10/4/2022 0:00,6,338455,7,332711,0,5678,66,1545,3888060,0.003883495
935,10/5/2022 0:00,8,338463,1,332712,0,5678,73,1411,3889471,0.005669738
936,10/6/2022 0:00,11,338474,2,332714,0,5678,82,2685,3892156,0.004096834
937,10/7/2022 0:00,10,338484,48,332762,0,5678,44,1257,3893413,0.007955449
938,10/8/2022 0:00,9,338493,44,332806,0,5678,9,956,3894369,0.009414226
939,10/9/2022 0:00,6,338499,4,332810,0,5678,11,985,3895354,0.006091371
940,10/10/2022 0:00,7,338506,0,332810,0,5678,18,431,3895785,0.016241299
941,10/11/2022 0:00,12,338518,0,332810,0,5678,30,803,3896588,0.01494396
942,10/12/2022 0:00,10,338528,2,332812,0,5678,38,1493,3898081,0.006697924
943,10/13/2022 0:00,10,338538,0,332812,0,5678,48,1217,3899298,0.008216927
944,10/14/2022 0:00,30,338568,6,332818,0,5678,72,3038,3902336,0.009874918
945,10/15/2022 0:00,13,338581,8,332826,0,5678,77,2857,3905193,0.004550228
946,10/16/2022 0:00,7,338588,11,332837,0,5678,73,351,3905544,0.01994302
947,10/17/2022 0:00,11,338599,0,332837,0,5678,84,519,3906063,0.021194605
948,10/18/2022 0:00,48,338647,0,332837,0,5678,132,1333,3907396,0.036009002
949,10/19/2022 0:00,31,338678,0,332837,0,5678,163,1010,3908406,0.030693069
950,10/20/2022 0:00,25,338703,0,332837,0,5678,188,864,3909270,0.028935185
951,10/21/2022 0:00,25,338728,0,332837,0,5678,213,606,3909876,0.041254125
952,10/22/2022 0:00,21,338749,0,332837,0,5678,234,671,3910547,0.031296572
953,10/23/2022 0:00,35,338784,23,332860,0,5678,246,890,3911437,0.039325843
954,10/24/2022 0:00,5,338789,30,332890,0,5678,221,315,3911752,0.015873016
955,10/25/2022 0:00,40,338829,13,332903,0,5678,248,1096,3912848,0.03649635
956,10/26/2022 0:00,79,338908,7,332910,0,5678,320,1161,3914009,0.068044789
957,10/27/2022 0:00,62,338970,11,332921,0,5678,371,832,3914841,0.074519231
958,10/28/2022 0:00,66,339036,48,332969,0,5678,389,842,3915683,0.078384798
959,10/29/2022 0:00,42,339078,31,333000,0,5678,400,533,3916216,0.07879925
960,10/30/2022 0:00,35,339113,25,333025,0,5678,410,1841,3918057,0.019011407
961,10/31/2022 0:00,34,339147,25,333050,0,5678,419,452,3918509,0.075221239
962,11/1/2022 0:00,106,339253,21,333071,0,5678,504,1113,3919622,0.095238095
963,11/2/2022 0:00,97,339350,35,333106,0,5678,566,695,3920317,0.139568345
964,11/3/2022 0:00,89,339439,5,333111,0,5678,650,1113,3921430,0.079964061
965,11/4/2022 0:00,113,339552,40,333151,0,5678,723,1269,3922699,0.089046493
966,11/5/2022 0:00,119,339671,79,333230,0,5678,763,921,3923620,0.129207383
967,11/6/2022 0:00,85,339756,62,333292,0,5678,786,792,3924412,0.107323232
968,11/7/2022 0:00,32,339788,66,333358,0,5678,752,344,3924756,0.093023256
969,11/8/2022 0:00,98,339886,42,333400,0,5678,808,939,3925695,0.104366347
970,11/9/2022 0:00,101,339987,35,333435,0,5678,874,1286,3926981,0.078538103
971,11/10/2022 0:00,127,340114,34,333469,0,5678,967,763,3927744,0.166448231
972,11/11/2022 0:00,95,340209,106,333575,0,5678,956,874,3928618,0.108695652
973,11/12/2022 0:00,162,340371,97,333672,0,5678,1021,990,3929608,0.163636364
974,11/13/2022 0:00,60,340431,89,333761,2,5680,990,397,3930005,0.151133501
975,11/14/2022 0:00,37,340468,113,333874,0,5680,914,407,3930412,0.090909091
976,11/15/2022 0:00,132,340600,119,333993,0,5680,927,1187,3931599,0.111204718
977,11/16/2022 0:00,90,340690,85,334078,4,5684,928,875,3932474,0.102857143
978,11/17/2022 0:00,94,340784,32,334110,0,5684,990,772,3933246,0.121761658
979,11/18/2022 0:00,104,340888,98,334208,0,5684,996,767,3934013,0.13559322
980,11/19/2022 0:00,87,340975,101,334309,0,5684,982,593,3934606,0.146711636
981,11/20/2022 0:00,55,341030,127,334436,0,5684,910,670,3935276,0.082089552
982,11/21/2022 0:00,13,341043,95,334531,0,5684,828,188,3935464,0.069148936
983,11/22/2022 0:00,73,341116,162,334693,0,5684,739,603,3936067,0.12106136
984,11/23/2022 0:00,119,341235,60,334753,0,5684,798,1691,3937758,0.070372561
985,11/24/2022 0:00,84,341319,37,334790,0,5684,845,730,3938488,0.115068493
986,11/25/2022 0:00,42,341361,132,334922,0,5684,755,399,3938887,0.105263158
987,11/26/2022 0:00,98,341459,90,335012,0,5684,763,815,3939702,0.120245399
988,11/27/2022 0:00,36,341495,94,335106,0,5684,705,450,3940152,0.08
989,11/28/2022 0:00,20,341515,104,335210,0,5684,621,314,3940466,0.063694268
990,11/29/2022 0:00,58,341573,81,335291,0,5684,598,592,3941058,0.097972973
991,11/30/2022 0:00,63,341636,55,335346,0,5684,606,863,3941921,0.073001159
992,12/1/2022 0:00,60,341696,13,335359,0,5684,653,823,3942744,0.07290401
993,12/2/2022 0:00,108,341804,73,335432,0,5684,688,1185,3943929,0.091139241
994,12/3/2022 0:00,82,341886,119,335551,0,5684,651,821,3944750,0.099878197
995,12/4/2022 0:00,38,341924,84,335635,0,5684,605,581,3945331,0.065404475
996,12/5/2022 0:00,9,341933,63,335698,0,5684,551,242,3945573,0.037190083
997,12/6/2022 0:00,44,341977,42,335740,0,5684,553,661,3946234,0.066565809
998,12/7/2022 0:00,49,342026,98,335838,0,5684,504,605,3946839,0.080991736
999,12/8/2022 0:00,57,342083,36,335874,0,5684,525,1040,3947879,0.054807692
1000,12/9/2022 0:00,10,342093,20,335894,0,5684,515,125,3948004,0.08
1001,12/10/2022 0:00,4,342097,98,335992,0,5684,421,164,3948168,0.024390244
1002,12/11/2022 0:00,10,342107,20,336012,0,5684,411,171,3948339,0.058479532
1003,12/12/2022 0:00,13,342120,20,336032,0,5684,404,363,3948702,0.035812672
1004,12/13/2022 0:00,35,342155,177,336209,0,5684,262,821,3949523,0.042630938
1005,12/14/2022 0:00,54,342209,31,336240,0,5684,285,933,3950456,0.057877814
1006,12/15/2022 0:00,39,342248,9,336249,0,5684,315,977,3951433,0.039918117
1007,12/16/2022 12:00,46,342294,44,336293,0,5684,317,837,3952270,0.054958184
1008,12/17/2022 12:00,26,342320,45,336338,4,5688,294,376,3952646,0.069148936
1009,12/18/2022 12:00,16,342336,57,336395,0,5688,253,344,3952990,0.046511628
1010,12/19/2022 12:00,11,342347,10,336405,0,5688,254,498,3953488,0.022088353
1011,12/20/2022 12:00,21,342368,4,336409,0,5688,271,423,3953911,0.04964539
1012,12/21/2022 0:00,50,342418,10,336419,0,5688,311,1015,3954926,0.049261084
1013,12/22/2022 0:00,26,342444,13,336432,0,5688,324,356,3955282,0.073033708
1014,12/23/2022 0:00,7,342451,35,336467,0,5688,296,173,3955455,0.040462428
1015,12/24/2022 0:00,19,342470,54,336521,0,5688,261,173,3955628,0.10982659
1016,12/24/2022 0:00,19,342470,54,336521,0,5688,261,173,3955628,0.10982659
1017,12/25/2022 0:00,2,342472,39,336560,0,5688,224,254,3955882,0.007874016
1018,12/26/2022 0:00,3,342475,46,336606,0,5688,181,128,3956010,0.0234375
1019,12/27/2022 0:00,2,342477,26,336632,0,5688,157,285,3956295,0.007017544
1020,12/28/2022 0:00,2,342479,16,336648,0,5688,143,274,3956569,0.00729927
1021,12/29/2022 0:00,3,342482,11,336659,0,5688,135,335,3956904,0.008955224
1022,12/30/2022 0:00,11,342493,21,336680,0,5688,125,358,3957262,0.030726257
1023,12/31/2022 0:00,6,342499,50,336730,0,5688,81,216,3957478,0.027777778
1024,1/1/2023 0:00,8,342507,26,336756,0,5688,63,257,3957735,0.031128405
1025,1/2/2023 0:00,4,342511,7,336763,0,5688,60,156,3957891,0.025641026
1026,1/3/2023 0:00,1,342512,19,336782,0,5688,42,287,3958178,0.003484321
1027,1/4/2023 0:00,3,342515,5,336787,0,5688,40,298,3958476,0.010067114
1028,1/5/2023 0:00,47,342562,0,336787,0,5688,87,729,3959205,0.064471879
1029,1/6/2023 0:00,18,342580,2,336789,0,5688,103,525,3959730,0.034285714
1030,1/7/2023 0:00,18,342598,2,336791,0,5688,119,379,3960109,0.047493404
1031,1/8/2023 0:00,1,342599,3,336794,0,5688,117,303,3960412,0.00330033
1032,1/9/2023 0:00,9,342608,11,336805,0,5688,115,260,3960672,0.034615385
1033,1/10/2023 0:00,9,342617,6,336811,0,5688,118,594,3961266,0.015151515
1034,1/11/2023 0:00,22,342639,8,336819,0,5688,132,695,3961961,0.031654676
1035,1/12/2023 0:00,24,342663,4,336823,0,5688,152,405,3962366,0.059259259
1036,1/13/2023 0:00,9,342672,1,336824,0,5688,160,400,3962766,0.0225
1037,1/14/2023 0:00,28,342700,3,336827,0,5688,185,411,3963177,0.068126521
1038,1/15/2023 0:00,3,342703,47,336874,0,5688,141,297,3963474,0.01010101
1039,1/16/2023 0:00,2,342705,18,336892,0,5688,125,120,3963594,0.016666667
1040,1/17/2023 0:00,22,342727,22,336914,0,5688,125,365,3963959,0.060273973
1041,1/18/2023 0:00,20,342747,20,336934,0,5688,125,428,3964387,0.046728972
1042,1/19/2023 0:00,13,342760,9,336943,0,5688,129,270,3964657,0.048148148
1043,1/20/2023 0:00,11,342771,9,336952,0,5688,131,474,3965131,0.023206751
1044,1/21/2023 0:00,11,342782,22,336974,0,5688,120,389,3965520,0.028277635
1045,1/22/2023 0:00,3,342785,24,336998,0,5688,99,112,3965632,0.026785714
1046,1/23/2023 0:00,1,342786,9,337007,0,5688,91,133,3965765,0.007518797
1047,1/24/2023 0:00,6,342792,28,337035,0,5688,69,427,3966192,0.014051522
